index	chr	length	ref length	ctgs	scfs	telomeres	gaps	path name	path
dam_compressed.k31.hapmer-0000001	NC_037342.1_chr_15	95880339.0	85007780.0		1.0	2.0	4.0	dam_compressed.k31.hapmer_from_utig4-1154	utig4-1325-,utig4-1321-,utig4-1323+,utig4-2475+,utig4-1142-,utig4-1140+,utig4-21-,utig4-17-,utig4-19+,utig4-2042+,utig4-2044+,utig4-2238-,utig4-2234-,utig4-2231-,utig4-2233+,utig4-2325+,utig4-2137-,utig4-2135+,utig4-2138+,utig4-2227-,utig4-1895-,utig4-1893+,utig4-1896+,utig4-1987-,utig4-1156-,utig4-1153-,utig4-1154+,[N5000N:ambig_path],utig4-2363+,utig4-2104-,utig4-2101-,utig4-2102+,utig4-2444+,[N24833N:ambig_bubble],utig4-2316+,utig4-2320+,utig4-2365+,utig4-2359-,utig4-2358+,[N306434N:ambig_bubble],utig4-2480-,utig4-2482+,utig4-2487+,[N310403N:ambig_bubble],utig4-2463+,utig4-2466+
dam_compressed.k31.hapmer-0000002	NC_037356.1_chr_29	58907845.0	51098607.0		1.0	2.0	1.0	dam_compressed.k31.hapmer_from_utig4-1164	utig4-0+,[N49796N:tangle],utig4-1846-,utig4-1843-,utig4-1844+,utig4-2088-,utig4-2030-,utig4-2029-,utig4-1167-,utig4-1163-,utig4-1164+
dam_compressed.k31.hapmer-0000003	NC_037335.1_chr_8	130744306.0	113319770.0	1.0	1.0	2.0		dam_compressed.k31.hapmer_from_utig4-1203	utig4-2299-,utig4-2178-,utig4-2176+,utig4-2180+,utig4-2506-,utig4-743-,utig4-741+,utig4-745+,utig4-2215+,utig4-2024-,utig4-2022+,utig4-823-,utig4-819-,utig4-820+,utig4-1868+,utig4-851-,utig4-850+,utig4-854+,utig4-2039-,utig4-2041+,utig4-2172-,utig4-1089-,utig4-1087+,utig4-1091+,utig4-2373-,utig4-2001-,utig4-2000-,utig4-1127-,utig4-1124-,utig4-1125+,utig4-1718+,utig4-1720+,utig4-2018+,utig4-2019+,utig4-2182-,utig4-2183+,utig4-2262-,utig4-69-,utig4-66-,utig4-68+,utig4-1740+,utig4-1741+,utig4-1783+,utig4-1208-,utig4-1204-,utig4-1206+,utig4-2237+,utig4-1985-,utig4-1982-,utig4-1984+,utig4-2134+,utig4-196-,utig4-194+,utig4-198+,utig4-1671+,utig4-1200-,utig4-1199+,utig4-1203+
dam_compressed.k31.hapmer-0000004						1.0		dam_compressed.k31.hapmer_from_utig4-1306	utig4-1306+
dam_compressed.k31.hapmer-0000005								dam_compressed.k31.hapmer_from_utig4-1339	utig4-1339+
dam_compressed.k31.hapmer-0000006	NC_037333.1_chr_6	24425874.0	117806340.0			1.0		dam_compressed.k31.hapmer_from_utig4-1346	utig4-1346+
dam_compressed.k31.hapmer-0000007								dam_compressed.k31.hapmer_from_utig4-144	utig4-143-,utig4-144+,utig4-760+,utig4-772-
dam_compressed.k31.hapmer-0000008	NC_037330.1_chr_3	144249879.0	121005158.0			1.0		dam_compressed.k31.hapmer_from_utig4-1470	utig4-1470+,utig4-1726+,utig4-1716-,utig4-1715+,utig4-613-,utig4-612+,utig4-615+,utig4-2286+,utig4-1068-,utig4-1066+,utig4-1069+,utig4-1236+,utig4-1238+,utig4-2483-,utig4-831-,utig4-829+,utig4-832+,utig4-1115+,utig4-1117+,utig4-2354+,utig4-1705-,utig4-1702-,utig4-1703+,utig4-2193-,utig4-2082-,utig4-2080+,utig4-2084+,utig4-2181+,utig4-2013-,utig4-2012+,utig4-2016+,utig4-2424-,utig4-1651-,utig4-1649-,utig4-916-,utig4-912-,utig4-914+,utig4-974+,utig4-530-
dam_compressed.k31.hapmer-0000009	NC_037332.1_chr_5	134962554.0	120089316.0	1.0	1.0	2.0		dam_compressed.k31.hapmer_from_utig4-1512	utig4-1948-,utig4-1946+,utig4-1942-,utig4-1941+,utig4-1944+,utig4-2051-,utig4-2052+,utig4-2171-,utig4-962-,utig4-958-,utig4-960+,utig4-1152+,utig4-763-,utig4-762+,utig4-765+,utig4-1097+,utig4-1098+,utig4-1798+,utig4-1799+,utig4-2173-,utig4-978-,utig4-977+,utig4-980+,utig4-2504-,utig4-62-,utig4-61+,utig4-64+,utig4-1044+,utig4-1045+,utig4-1510+,utig4-1512+,utig4-2347-,utig4-726-,utig4-724+,utig4-727+,utig4-1842+,utig4-870-,utig4-869+,utig4-872+
dam_compressed.k31.hapmer-0000010						1.0		dam_compressed.k31.hapmer_from_utig4-1554	utig4-1554+
dam_compressed.k31.hapmer-0000011	NC_037352.1_chr_25	52389595.0	42350435.0			1.0	1.0	dam_compressed.k31.hapmer_from_utig4-1697	utig4-1248+,utig4-476-,[N1000N:ambig_bubble],utig4-477+,utig4-1692-,utig4-1691-,utig4-1132-,utig4-1129-,utig4-1131+,utig4-2063+,utig4-2065+,utig4-2142+,utig4-1695-,utig4-1694+,utig4-1697+,utig4-2371-,utig4-2370+,utig4-1723-,utig4-1721+,utig4-1725+,utig4-2032+,utig4-505-,utig4-504+,utig4-507+,utig4-1538-,utig4-1540+,utig4-1820+,utig4-73-,utig4-71+,utig4-75+,utig4-2448+,utig4-2226-,utig4-2222-,utig4-2223+
dam_compressed.k31.hapmer-0000012	NC_037347.1_chr_20	72962178.0	71974595.0			1.0	1.0	dam_compressed.k31.hapmer_from_utig4-1729	utig4-855-,[N380096N:ambig_bubble],utig4-1337-,utig4-1338+,utig4-2160-,utig4-2161+,utig4-2309+,utig4-1653-,utig4-1652+,utig4-1656+,utig4-2055-,utig4-2027-,utig4-2026-,utig4-1648-,utig4-1646-,utig4-887-,utig4-884-,utig4-885+,utig4-1728+,utig4-1729+,utig4-1856-,utig4-1858+,utig4-2151-,utig4-1794-,utig4-1793+,utig4-1796+
dam_compressed.k31.hapmer-0000013	NC_037340.1_chr_13	97932954.0	83472345.0	1.0	1.0	2.0		dam_compressed.k31.hapmer_from_utig4-1771	utig4-802-,utig4-800+,utig4-142-,utig4-138-,utig4-140+,utig4-609-,utig4-611+,utig4-2205+,utig4-1768-,utig4-1767+,utig4-1771+,utig4-2353-,utig4-1052-,utig4-1050+,utig4-1053+,utig4-2066-,utig4-2067+
dam_compressed.k31.hapmer-0000014						1.0		dam_compressed.k31.hapmer_from_utig4-1814	utig4-1814+
dam_compressed.k31.hapmer-0000015	NC_037349.1_chr_22	82261671.0	60773035.0	1.0	1.0	2.0		dam_compressed.k31.hapmer_from_utig4-1830	utig4-2050-,utig4-2048-,utig4-1990-,utig4-1988+,utig4-1866-,utig4-1865+,utig4-1817-,utig4-1815+,utig4-1818+,utig4-2037+,utig4-1828-,utig4-1827+,utig4-1830+
dam_compressed.k31.hapmer-0000016	NC_037337.1_chr_10	115205041.0	103308737.0	1.0	1.0	2.0		dam_compressed.k31.hapmer_from_utig4-1864	utig4-554-,utig4-550-,utig4-552+,utig4-2201+,utig4-714-,utig4-712+,utig4-715+,utig4-1773-,utig4-876-,utig4-874+,utig4-878+,utig4-1777+,utig4-1760-,utig4-1758+,utig4-1761+,utig4-1832+,utig4-1833+,utig4-2216-,utig4-781-,utig4-778-,utig4-780+,utig4-922-,utig4-923+,utig4-1047-,utig4-1049+,utig4-1981+,utig4-1170-,utig4-1168+,utig4-1159-,utig4-1158+,utig4-1161+,utig4-1185+,utig4-1187+,utig4-1991+,utig4-1993+,utig4-2274+,utig4-1892-,utig4-1890+,utig4-1059-,utig4-1056-,utig4-1057+,utig4-2228-,utig4-2230+,utig4-2346+,utig4-1018-,utig4-1015-,utig4-1016+,utig4-1916+,utig4-1085-,utig4-1082-,utig4-1083+,utig4-2498+,utig4-1106-,utig4-1105+,utig4-1109+,utig4-1171-,utig4-1172+,utig4-1862+,utig4-1864+
dam_compressed.k31.hapmer-0000017	NC_037331.1_chr_4	144237153.0	120000601.0	1.0	1.0	2.0		dam_compressed.k31.hapmer_from_utig4-1907	utig4-2156-,utig4-2154+,utig4-1963-,utig4-1962-,utig4-949-,utig4-948+,utig4-952+,utig4-1139-,utig4-1120-,utig4-1119+,utig4-1123+,utig4-2033+,utig4-2035+,utig4-2038-,utig4-686-,utig4-683-,utig4-685+,utig4-2189-,utig4-2190+,utig4-2499+,utig4-1432-,utig4-1431+,utig4-1434+,utig4-2113+,utig4-826-,utig4-824+,utig4-827+,utig4-2121+,utig4-1002-,utig4-999-,utig4-1000+,utig4-1668-,utig4-1669+,utig4-1801-,utig4-1803+,utig4-2261-,utig4-1930-,utig4-1929-,utig4-1905-,utig4-1904+,utig4-1907+
dam_compressed.k31.hapmer-0000018	NC_037344.1_chr_17	88991925.0	73167244.0	1.0	1.0	2.0		dam_compressed.k31.hapmer_from_utig4-1912	utig4-1912+,utig4-2095-,utig4-1873-,utig4-1872+,utig4-1875+,utig4-1878+,utig4-1880+,utig4-2005-,utig4-2006+,utig4-2202-,utig4-2204+,utig4-2331+,utig4-1766-,utig4-1764+,utig4-892-,utig4-889-,utig4-890+,utig4-2165-,utig4-2166+
dam_compressed.k31.hapmer-0000019	NC_037333.1_chr_6	114411591.0	117806340.0			1.0		dam_compressed.k31.hapmer_from_utig4-1953	utig4-1712-,utig4-1710+,utig4-1713+,utig4-1772+,utig4-675-,utig4-673-,utig4-325-,utig4-322-,utig4-323+,utig4-2421-,utig4-2420-,utig4-2086-,utig4-2085+,utig4-1478-,utig4-1474-,utig4-1476+,utig4-2477-,utig4-2478+,utig4-2513+,utig4-1792-,utig4-1790-,utig4-1081-,utig4-1077-,utig4-1078+,utig4-1743+,utig4-1114-,utig4-1110-,utig4-1111+,utig4-2140-,utig4-1679-,utig4-1677+,utig4-1681+,utig4-2108-,utig4-1785-,utig4-1784+,utig4-459-,utig4-458+,utig4-462+,utig4-1024-,utig4-438-,utig4-436+,utig4-439+,utig4-1821-,utig4-1328-,utig4-1326+,utig4-1284-,utig4-1282-,utig4-540-,utig4-539+,utig4-543+,utig4-1191-,utig4-1193+,utig4-1918+,utig4-1920+,utig4-2054-,utig4-1956-,utig4-1952-,utig4-1953+,utig4-2141+,utig4-1218-,utig4-1214-,utig4-1215+,utig4-2109-,utig4-1036-,utig4-1034+,utig4-1037+,utig4-1513-,utig4-1514+,utig4-1840-,utig4-1841+,utig4-2116-,utig4-1348-
dam_compressed.k31.hapmer-0000020	NC_037348.1_chr_21	80783186.0	69862954.0	1.0	1.0	2.0		dam_compressed.k31.hapmer_from_utig4-1971	utig4-2017+,utig4-2106+,utig4-2010-,utig4-2008+,utig4-842-,utig4-840+,utig4-844+,utig4-1774+,utig4-1775+,utig4-2330-,utig4-1911-,utig4-1909+,utig4-1198-,utig4-1194-,utig4-1195+,utig4-2021-,utig4-1973-,utig4-1970-,utig4-1971+
dam_compressed.k31.hapmer-0000021	NC_037343.1_chr_16	102128042.0	81013979.0	1.0	1.0	2.0		dam_compressed.k31.hapmer_from_utig4-2003	utig4-2003+,utig4-2122+,utig4-1745-,utig4-1744-,utig4-338-,utig4-335-,utig4-336+,utig4-2097+,utig4-1040-,utig4-1039+,utig4-1042+,utig4-1412+,utig4-1075-,utig4-1074+,utig4-390-,utig4-388+,utig4-391+,utig4-2236+,utig4-927-,utig4-925+,utig4-929+
dam_compressed.k31.hapmer-0000022	NC_037355.1_chr_28	59536585.0	45940150.0	1.0	1.0	2.0		dam_compressed.k31.hapmer_from_utig4-2060	utig4-1787-,utig4-1789+,utig4-2059-,utig4-2060+
dam_compressed.k31.hapmer-0000023	NC_037336.1_chr_9	119387942.0	105454467.0			1.0		dam_compressed.k31.hapmer_from_utig4-2111	utig4-1788+,utig4-1008-,utig4-1005-,utig4-1006+,utig4-1071-,utig4-1073+,utig4-1994-,utig4-1996+,utig4-2074-,utig4-1837-,utig4-1835+,utig4-1838+,utig4-2308-,utig4-2073-,utig4-2069-,utig4-2071+,utig4-2493-,utig4-1925-,utig4-1924+,utig4-1886-,utig4-1884+,utig4-1232-,utig4-1231+,utig4-1235+,utig4-1751-,utig4-947-,utig4-943-,utig4-945+,utig4-988+,utig4-691-,utig4-690+,utig4-693+,utig4-1699+,utig4-1701+,utig4-2486-,utig4-2058-,utig4-2056+,utig4-1064-,utig4-1061-,utig4-1062+,utig4-2110-,utig4-2111+,utig4-2433-
dam_compressed.k31.hapmer-0000024	NC_037339.1_chr_12	102206993.0	87216183.0	1.0	1.0	2.0		dam_compressed.k31.hapmer_from_utig4-2130	utig4-510+,utig4-730+,utig4-2283-,utig4-2285+,utig4-2439+,utig4-1782-,utig4-1778-,utig4-1779+,utig4-2257+,utig4-2077-,utig4-2075+,utig4-2078+,utig4-2295+,utig4-1362-,utig4-1358-,utig4-1359+,utig4-2460+,utig4-432-,utig4-429-,utig4-430+,utig4-435+,utig4-1763+,utig4-1012-,utig4-1010+,utig4-1013+,utig4-2411+,utig4-1980-,utig4-1978-,utig4-297-,utig4-294-,utig4-296+,utig4-2378-,utig4-2256-,utig4-2254-,utig4-1615-,utig4-1612-,utig4-1613+,utig4-2326+,utig4-1095-,utig4-1092-,utig4-1093+,utig4-2098+,utig4-2100+,utig4-2129+,utig4-2130+
dam_compressed.k31.hapmer-0000025	NC_037345.1_chr_18	81600595.0	65820629.0	1.0	1.0	2.0		dam_compressed.k31.hapmer_from_utig4-2195	utig4-1914-,utig4-1913-,utig4-331-,utig4-329+,utig4-332+,utig4-1055+,utig4-755-,utig4-751-,utig4-752+,utig4-1188+,utig4-1189+,utig4-1927-,utig4-1749-,utig4-1747-,utig4-1748+,utig4-1230-,utig4-1227-,utig4-1228+,utig4-2194+,utig4-2195+
dam_compressed.k31.hapmer-0000026	NC_037351.1_chr_24	67981033.0	62317253.0			1.0		dam_compressed.k31.hapmer_from_utig4-2210	utig4-1606-,utig4-1607+,utig4-2212-,utig4-2213+,utig4-847-,utig4-845+,utig4-848+,utig4-2004-,utig4-1103-,utig4-1100-,utig4-1102+,utig4-1900-,utig4-1898+,utig4-1902+,utig4-1975-,utig4-1813-,utig4-1809-,utig4-1810+,utig4-2011+,utig4-356-,utig4-353-,utig4-355+,utig4-2209+,utig4-2210+
dam_compressed.k31.hapmer-0000027								dam_compressed.k31.hapmer_from_utig4-2240	utig4-2240+
dam_compressed.k31.hapmer-0000028	NC_037328.1_chr_1	181953617.0	158534110.0	1.0	1.0	2.0		dam_compressed.k31.hapmer_from_utig4-2248	utig4-1627-,utig4-1626+,utig4-720-,utig4-719+,utig4-723+,utig4-2407-,utig4-1212-,utig4-1209-,utig4-1211+,utig4-1664-,utig4-634-,utig4-630-,utig4-632+,utig4-2307-,utig4-770-,utig4-767-,utig4-769+,utig4-2164-,utig4-972-,utig4-969-,utig4-971+,utig4-2185+,utig4-2090-,utig4-2089+,utig4-1923-,utig4-1921+,utig4-699-,utig4-695-,utig4-696+,utig4-1179-,utig4-881-,utig4-879+,utig4-883+,utig4-1688+,utig4-1690+,utig4-2457-,utig4-1850-,utig4-1848+,utig4-1852+,utig4-2374+,utig4-1860-,utig4-1859-,utig4-1455-,utig4-1454-,utig4-620-,utig4-617-,utig4-619+,utig4-2379+,utig4-2250-,utig4-2246-,utig4-2248+
dam_compressed.k31.hapmer-0000029							1.0	dam_compressed.k31.hapmer_from_utig4-2328	utig4-2402-,[N504521N:tangle],utig4-2328+,utig4-2443-
dam_compressed.k31.hapmer-0000030	NC_037357.1_chr_X	40722517.0	139009144.0			1.0		dam_compressed.k31.hapmer_from_utig4-234	utig4-234+
dam_compressed.k31.hapmer-0000031	NC_037353.1_chr_26	65660923.0	51992305.0			1.0		dam_compressed.k31.hapmer_from_utig4-2377	utig4-606-,utig4-604+,utig4-290-,utig4-288+,utig4-291+,utig4-2217-,utig4-2218+,utig4-2375+,utig4-2377+
dam_compressed.k31.hapmer-0000032						1.0		dam_compressed.k31.hapmer_from_utig4-2419	utig4-2418+,utig4-2419+
dam_compressed.k31.hapmer-0000033								dam_compressed.k31.hapmer_from_utig4-2436	utig4-2436+
dam_compressed.k31.hapmer-0000034	NC_037334.1_chr_7	111374872.0	110682743.0			1.0		dam_compressed.k31.hapmer_from_utig4-286	utig4-2297-,utig4-2296-,utig4-1683-,utig4-1682-,utig4-748-,utig4-746+,utig4-750+,utig4-2197+,utig4-2198+,utig4-2447-,utig4-956-,utig4-953-,utig4-954+,utig4-2036+,utig4-1175-,utig4-1174+,utig4-1177+,utig4-1355+,utig4-1357+,utig4-2200+,utig4-1968-,utig4-1965-,utig4-1967+,utig4-2450-,utig4-1753-,utig4-1752-,utig4-1183-,utig4-1180-,utig4-1182+,utig4-2425-,utig4-1870-,utig4-1869+,utig4-285-,utig4-283+,utig4-286+
dam_compressed.k31.hapmer-0000035	NC_037350.1_chr_23	63631225.0	52498615.0	1.0	1.0	2.0		dam_compressed.k31.hapmer_from_utig4-491	utig4-1676-,utig4-1672-,utig4-1673+,utig4-2124-,utig4-2125+,utig4-2220-,utig4-861-,utig4-859+,utig4-863+,utig4-1917+,utig4-990-,utig4-989+,utig4-992+,utig4-2206-,utig4-493-,utig4-490-,utig4-491+
dam_compressed.k31.hapmer-0000036	NC_037354.1_chr_27	49252125.0	45612108.0			1.0		dam_compressed.k31.hapmer_from_utig4-549	utig4-1667-,utig4-1665-,utig4-1149-,utig4-1148+,utig4-119-,utig4-59-,utig4-55-,utig4-57+,utig4-563-,utig4-564+,utig4-2221+,utig4-1686-,utig4-1685+,utig4-547-,utig4-545+,utig4-549+,utig4-555+,utig4-1501-,utig4-799-
dam_compressed.k31.hapmer-0000037								dam_compressed.k31.hapmer_from_utig4-652	utig4-651-,utig4-652+
dam_compressed.k31.hapmer-0000038								dam_compressed.k31.hapmer_from_utig4-653	utig4-653+,utig4-858-
dam_compressed.k31.hapmer-0000039	NC_037338.1_chr_11	132011079.0	106982474.0			1.0	3.0	dam_compressed.k31.hapmer_from_utig4-710	utig4-759-,utig4-756-,[N98093N:ambig_bubble],utig4-1452-,utig4-625-,utig4-622-,[N45154N:ambig_bubble],utig4-2474-,utig4-2473-,utig4-708-,utig4-707+,[N5000N:ambig_path],utig4-710+,utig4-1657-,utig4-200-,utig4-199+,utig4-202+,utig4-2383+,utig4-1027-,utig4-1025+,utig4-1028+,utig4-1877+,utig4-837-,utig4-835+,utig4-838+,utig4-987+,utig4-967-,utig4-966+,utig4-705-,utig4-700-,utig4-702+,utig4-706+,utig4-940-,utig4-942+,utig4-2251-,utig4-2158-,utig4-2157-,utig4-1564-,utig4-1562+,utig4-1565+,utig4-2476+,utig4-2120-,utig4-2118-,utig4-1225-,utig4-1222-,utig4-1224+,utig4-2406+,utig4-983-,utig4-982+,utig4-985+,utig4-1118+,utig4-910-,utig4-907-,utig4-908+,utig4-2263-,utig4-2264+,utig4-2301+,utig4-2323-,utig4-2321-,utig4-1732-,utig4-1731+,utig4-1735+,utig4-1853+,utig4-1854+,utig4-2174-,utig4-1584-,utig4-1571-
dam_compressed.k31.hapmer-0000040						1.0		dam_compressed.k31.hapmer_from_utig4-797	utig4-795-,utig4-797+
dam_compressed.k31.hapmer-0000041						1.0		dam_compressed.k31.hapmer_from_utig4-811	utig4-811+
dam_compressed.k31.hapmer-0000042								dam_compressed.k31.hapmer_from_utig4-812	utig4-812+
dam_compressed.k31.hapmer-0000043	NC_037346.1_chr_19	77945041.0	63449741.0			1.0		dam_compressed.k31.hapmer_from_utig4-867	utig4-2282-,utig4-2280+,utig4-1883-,utig4-1881-,utig4-1137-,utig4-1134-,utig4-1135+,utig4-1707+,utig4-1708+,utig4-2446+,utig4-1756-,utig4-1755-,utig4-180-,utig4-178+,utig4-182+,utig4-2451+,utig4-1220-,utig4-1219-,utig4-866-,utig4-864+,utig4-867+
dam_compressed.k31.hapmer-0000044	NC_037329.1_chr_2	155524332.0	136231102.0			1.0	1.0	dam_compressed.k31.hapmer_from_utig4-903	utig4-2521+,utig4-1516-,utig4-1031-,utig4-1030+,utig4-1032+,utig4-1940-,utig4-906-,utig4-902-,utig4-903+,utig4-1739+,utig4-4-,utig4-1-,utig4-2+,utig4-2186-,utig4-2188+,utig4-2458-,utig4-1660-,utig4-1659+,utig4-1663+,utig4-2298+,[N1000N:ambig_bubble],utig4-2269+,utig4-2273+,utig4-2454+,utig4-2456+,utig4-2488+,utig4-2369-,utig4-2367+,utig4-1825-,utig4-1822-,utig4-1824+,utig4-1932+,utig4-1934+,utig4-2127+,utig4-2128+
dam_compressed.k31.hapmer-0000045	NC_037357.1_chr_X	124389275.0	139009144.0			1.0	3.0	dam_compressed.k31.hapmer_from_utig4-936	utig4-939-,utig4-935-,utig4-936+,utig4-2266-,[N1000N:ambig_bubble],utig4-2519+,[N57456N:ambig_bubble],utig4-595-,[N1000N:ambig_bubble],utig4-2239+
dam_compressed.k31.hapmer-0000046	NC_037341.1_chr_14	90009672.0	82403003.0			1.0		dam_compressed.k31.hapmer_from_utig4-995	utig4-2145-,utig4-2143+,utig4-2146+,utig4-2399+,utig4-934-,utig4-930-,utig4-931+,utig4-1887+,utig4-1888+,utig4-2170-,utig4-2132-,utig4-2131+,utig4-1950-,utig4-1949+,utig4-1144-,utig4-1143+,utig4-1147+,utig4-1928-,utig4-1737-,utig4-1736-,utig4-997-,utig4-994-,utig4-995+,utig4-2152+,utig4-2153+,utig4-473-,utig4-470-,utig4-471+,utig4-2163+,utig4-1999-,utig4-1997-,utig4-1938-,utig4-1935-,utig4-1936+,utig4-2208-,utig4-920-,utig4-917-,utig4-919+,utig4-963-,utig4-965+
dam_compressed.k31.hapmer-0000047	rDNA	52519.0	52520.0					dam_compressed.k31.hapmer_unused_utig4-10	utig4-10+
dam_compressed.k31.hapmer-0000048	rDNA	60687.0	60688.0					dam_compressed.k31.hapmer_unused_utig4-11	utig4-11+
dam_compressed.k31.hapmer-0000049	rDNA	35183.0	35184.0					dam_compressed.k31.hapmer_unused_utig4-12	utig4-12+
dam_compressed.k31.hapmer-0000050								dam_compressed.k31.hapmer_unused_utig4-120	utig4-120+
dam_compressed.k31.hapmer-0000051	rDNA	129874.0	129875.0					dam_compressed.k31.hapmer_unused_utig4-1239	utig4-1239+
dam_compressed.k31.hapmer-0000052	rDNA	14045.0	14046.0					dam_compressed.k31.hapmer_unused_utig4-1240	utig4-1240+
dam_compressed.k31.hapmer-0000053	rDNA	133029.0	133030.0					dam_compressed.k31.hapmer_unused_utig4-1244	utig4-1244+
dam_compressed.k31.hapmer-0000054	rDNA	30110.0	30111.0					dam_compressed.k31.hapmer_unused_utig4-1262	utig4-1262+
dam_compressed.k31.hapmer-0000055	rDNA	82730.0	82731.0					dam_compressed.k31.hapmer_unused_utig4-1263	utig4-1263+
dam_compressed.k31.hapmer-0000056	rDNA	45527.0	45528.0					dam_compressed.k31.hapmer_unused_utig4-1264	utig4-1264+
dam_compressed.k31.hapmer-0000057	rDNA	59940.0	59941.0					dam_compressed.k31.hapmer_unused_utig4-1265	utig4-1265+
dam_compressed.k31.hapmer-0000058	rDNA	58573.0	58574.0					dam_compressed.k31.hapmer_unused_utig4-1266	utig4-1266+
dam_compressed.k31.hapmer-0000059	rDNA	103749.0	103750.0					dam_compressed.k31.hapmer_unused_utig4-1267	utig4-1267+
dam_compressed.k31.hapmer-0000060	rDNA	39916.0	39917.0					dam_compressed.k31.hapmer_unused_utig4-1268	utig4-1268+
dam_compressed.k31.hapmer-0000061	rDNA	46846.0	46847.0					dam_compressed.k31.hapmer_unused_utig4-1269	utig4-1269+
dam_compressed.k31.hapmer-0000062	rDNA	41246.0	41247.0					dam_compressed.k31.hapmer_unused_utig4-1270	utig4-1270+
dam_compressed.k31.hapmer-0000063	rDNA	55812.0	55813.0					dam_compressed.k31.hapmer_unused_utig4-1271	utig4-1271+
dam_compressed.k31.hapmer-0000064	rDNA	61262.0	61263.0					dam_compressed.k31.hapmer_unused_utig4-1272	utig4-1272+
dam_compressed.k31.hapmer-0000065	rDNA	44589.0	44590.0					dam_compressed.k31.hapmer_unused_utig4-1273	utig4-1273+
dam_compressed.k31.hapmer-0000066	rDNA	43566.0	43567.0					dam_compressed.k31.hapmer_unused_utig4-1274	utig4-1274+
dam_compressed.k31.hapmer-0000067	rDNA	57496.0	57497.0					dam_compressed.k31.hapmer_unused_utig4-1275	utig4-1275+
dam_compressed.k31.hapmer-0000068	rDNA	111439.0	111440.0					dam_compressed.k31.hapmer_unused_utig4-1276	utig4-1276+
dam_compressed.k31.hapmer-0000069	rDNA	53501.0	53502.0					dam_compressed.k31.hapmer_unused_utig4-1277	utig4-1277+
dam_compressed.k31.hapmer-0000070	rDNA	34354.0	34355.0					dam_compressed.k31.hapmer_unused_utig4-1278	utig4-1278+
dam_compressed.k31.hapmer-0000071	rDNA	59758.0	59759.0					dam_compressed.k31.hapmer_unused_utig4-1279	utig4-1279+
dam_compressed.k31.hapmer-0000072	rDNA	47553.0	47554.0					dam_compressed.k31.hapmer_unused_utig4-1280	utig4-1280+
dam_compressed.k31.hapmer-0000073	rDNA	35262.0	35263.0					dam_compressed.k31.hapmer_unused_utig4-1281	utig4-1281+
dam_compressed.k31.hapmer-0000074	rDNA	26902.0	26903.0					dam_compressed.k31.hapmer_unused_utig4-13	utig4-13+
dam_compressed.k31.hapmer-0000075								dam_compressed.k31.hapmer_unused_utig4-1347	utig4-1347+
dam_compressed.k31.hapmer-0000076								dam_compressed.k31.hapmer_unused_utig4-1369	utig4-1369+
dam_compressed.k31.hapmer-0000077								dam_compressed.k31.hapmer_unused_utig4-1370	utig4-1370+
dam_compressed.k31.hapmer-0000078								dam_compressed.k31.hapmer_unused_utig4-1371	utig4-1371+
dam_compressed.k31.hapmer-0000079								dam_compressed.k31.hapmer_unused_utig4-1372	utig4-1372+
dam_compressed.k31.hapmer-0000080								dam_compressed.k31.hapmer_unused_utig4-1373	utig4-1373+
dam_compressed.k31.hapmer-0000081								dam_compressed.k31.hapmer_unused_utig4-1374	utig4-1374+
dam_compressed.k31.hapmer-0000082								dam_compressed.k31.hapmer_unused_utig4-1375	utig4-1375+
dam_compressed.k31.hapmer-0000083								dam_compressed.k31.hapmer_unused_utig4-1376	utig4-1376+
dam_compressed.k31.hapmer-0000084	rDNA	78368.0	78369.0					dam_compressed.k31.hapmer_unused_utig4-1377	utig4-1377+
dam_compressed.k31.hapmer-0000085	rDNA	37340.0	37341.0					dam_compressed.k31.hapmer_unused_utig4-1378	utig4-1378+
dam_compressed.k31.hapmer-0000086	rDNA	55481.0	55482.0					dam_compressed.k31.hapmer_unused_utig4-1379	utig4-1379+
dam_compressed.k31.hapmer-0000087	rDNA	19750.0	19751.0					dam_compressed.k31.hapmer_unused_utig4-1380	utig4-1380+
dam_compressed.k31.hapmer-0000088	rDNA	28744.0	28745.0					dam_compressed.k31.hapmer_unused_utig4-1381	utig4-1381+
dam_compressed.k31.hapmer-0000089	rDNA	78982.0	78983.0					dam_compressed.k31.hapmer_unused_utig4-1388	utig4-1388+
dam_compressed.k31.hapmer-0000090	rDNA	41760.0	41761.0					dam_compressed.k31.hapmer_unused_utig4-14	utig4-14+
dam_compressed.k31.hapmer-0000091	rDNA	78156.0	78157.0					dam_compressed.k31.hapmer_unused_utig4-1404	utig4-1404+
dam_compressed.k31.hapmer-0000092	rDNA	43439.0	43440.0					dam_compressed.k31.hapmer_unused_utig4-1422	utig4-1422+
dam_compressed.k31.hapmer-0000093	rDNA	57422.0	57423.0					dam_compressed.k31.hapmer_unused_utig4-1423	utig4-1423+
dam_compressed.k31.hapmer-0000094	rDNA	63570.0	63571.0					dam_compressed.k31.hapmer_unused_utig4-1424	utig4-1424+
dam_compressed.k31.hapmer-0000095	rDNA	59765.0	59766.0					dam_compressed.k31.hapmer_unused_utig4-1425	utig4-1425+
dam_compressed.k31.hapmer-0000096	rDNA	42557.0	42558.0					dam_compressed.k31.hapmer_unused_utig4-1426	utig4-1426+
dam_compressed.k31.hapmer-0000097	rDNA	71781.0	71782.0					dam_compressed.k31.hapmer_unused_utig4-1427	utig4-1427+
dam_compressed.k31.hapmer-0000098	rDNA	64473.0	64474.0					dam_compressed.k31.hapmer_unused_utig4-1428	utig4-1428+
dam_compressed.k31.hapmer-0000099	rDNA	31510.0	31511.0					dam_compressed.k31.hapmer_unused_utig4-1429	utig4-1429+
dam_compressed.k31.hapmer-0000101	rDNA	32262.0	32263.0					dam_compressed.k31.hapmer_unused_utig4-1436	utig4-1436+
dam_compressed.k31.hapmer-0000102	rDNA	82224.0	82225.0					dam_compressed.k31.hapmer_unused_utig4-1437	utig4-1437+
dam_compressed.k31.hapmer-0000103	rDNA	29661.0	29662.0					dam_compressed.k31.hapmer_unused_utig4-1438	utig4-1438+
dam_compressed.k31.hapmer-0000104	rDNA	20873.0	20874.0					dam_compressed.k31.hapmer_unused_utig4-1439	utig4-1439+
dam_compressed.k31.hapmer-0000105	rDNA	62585.0	62586.0					dam_compressed.k31.hapmer_unused_utig4-1440	utig4-1440+
dam_compressed.k31.hapmer-0000106	rDNA	37996.0	37997.0					dam_compressed.k31.hapmer_unused_utig4-1441	utig4-1441+
dam_compressed.k31.hapmer-0000107	rDNA	77530.0	77531.0					dam_compressed.k31.hapmer_unused_utig4-1442	utig4-1442+
dam_compressed.k31.hapmer-0000108	rDNA	63550.0	63551.0					dam_compressed.k31.hapmer_unused_utig4-1443	utig4-1443+
dam_compressed.k31.hapmer-0000109								dam_compressed.k31.hapmer_unused_utig4-146	utig4-146+
dam_compressed.k31.hapmer-0000110	rDNA	97725.0	97726.0					dam_compressed.k31.hapmer_unused_utig4-1468	utig4-1468+
dam_compressed.k31.hapmer-0000111	rDNA	20126.0	20127.0					dam_compressed.k31.hapmer_unused_utig4-1469	utig4-1469+
dam_compressed.k31.hapmer-0000112								dam_compressed.k31.hapmer_unused_utig4-147	utig4-147+
dam_compressed.k31.hapmer-0000113								dam_compressed.k31.hapmer_unused_utig4-1471	utig4-1471+
dam_compressed.k31.hapmer-0000114								dam_compressed.k31.hapmer_unused_utig4-1473	utig4-1473+
dam_compressed.k31.hapmer-0000115	rDNA	91993.0	91994.0					dam_compressed.k31.hapmer_unused_utig4-1479	utig4-1479+
dam_compressed.k31.hapmer-0000116								dam_compressed.k31.hapmer_unused_utig4-148	utig4-148+
dam_compressed.k31.hapmer-0000117								dam_compressed.k31.hapmer_unused_utig4-1480	utig4-1480+
dam_compressed.k31.hapmer-0000118								dam_compressed.k31.hapmer_unused_utig4-1481	utig4-1481+
dam_compressed.k31.hapmer-0000119								dam_compressed.k31.hapmer_unused_utig4-1482	utig4-1482+
dam_compressed.k31.hapmer-0000120								dam_compressed.k31.hapmer_unused_utig4-1483	utig4-1483+
dam_compressed.k31.hapmer-0000121								dam_compressed.k31.hapmer_unused_utig4-1484	utig4-1484+
dam_compressed.k31.hapmer-0000122								dam_compressed.k31.hapmer_unused_utig4-1485	utig4-1485+
dam_compressed.k31.hapmer-0000123								dam_compressed.k31.hapmer_unused_utig4-1486	utig4-1486+
dam_compressed.k31.hapmer-0000124								dam_compressed.k31.hapmer_unused_utig4-1487	utig4-1487+
dam_compressed.k31.hapmer-0000125								dam_compressed.k31.hapmer_unused_utig4-1488	utig4-1488+
dam_compressed.k31.hapmer-0000126								dam_compressed.k31.hapmer_unused_utig4-1489	utig4-1489+
dam_compressed.k31.hapmer-0000127								dam_compressed.k31.hapmer_unused_utig4-149	utig4-149+
dam_compressed.k31.hapmer-0000128								dam_compressed.k31.hapmer_unused_utig4-1490	utig4-1490+
dam_compressed.k31.hapmer-0000130								dam_compressed.k31.hapmer_unused_utig4-1492	utig4-1492+
dam_compressed.k31.hapmer-0000131								dam_compressed.k31.hapmer_unused_utig4-1493	utig4-1493+
dam_compressed.k31.hapmer-0000132								dam_compressed.k31.hapmer_unused_utig4-1494	utig4-1494+
dam_compressed.k31.hapmer-0000133								dam_compressed.k31.hapmer_unused_utig4-1495	utig4-1495+
dam_compressed.k31.hapmer-0000134	rDNA	37803.0	37804.0					dam_compressed.k31.hapmer_unused_utig4-1497	utig4-1497+
dam_compressed.k31.hapmer-0000135	rDNA	46729.0	46730.0					dam_compressed.k31.hapmer_unused_utig4-1498	utig4-1498+
dam_compressed.k31.hapmer-0000136	rDNA	40828.0	40829.0					dam_compressed.k31.hapmer_unused_utig4-1499	utig4-1499+
dam_compressed.k31.hapmer-0000137	rDNA	110678.0	110679.0					dam_compressed.k31.hapmer_unused_utig4-15	utig4-15+
dam_compressed.k31.hapmer-0000138								dam_compressed.k31.hapmer_unused_utig4-150	utig4-150+
dam_compressed.k31.hapmer-0000139	rDNA	60969.0	60970.0					dam_compressed.k31.hapmer_unused_utig4-1507	utig4-1507+
dam_compressed.k31.hapmer-0000140	rDNA	50511.0	50512.0					dam_compressed.k31.hapmer_unused_utig4-1508	utig4-1508+
dam_compressed.k31.hapmer-0000141	rDNA	47537.0	47538.0					dam_compressed.k31.hapmer_unused_utig4-1509	utig4-1509+
dam_compressed.k31.hapmer-0000142								dam_compressed.k31.hapmer_unused_utig4-151	utig4-151+
dam_compressed.k31.hapmer-0000143	rDNA	32032.0	32033.0					dam_compressed.k31.hapmer_unused_utig4-1517	utig4-1517+
dam_compressed.k31.hapmer-0000144	rDNA	39605.0	39606.0					dam_compressed.k31.hapmer_unused_utig4-1532	utig4-1532+
dam_compressed.k31.hapmer-0000146	rDNA	33914.0	33915.0					dam_compressed.k31.hapmer_unused_utig4-1534	utig4-1534+
dam_compressed.k31.hapmer-0000148	rDNA	68740.0	68741.0					dam_compressed.k31.hapmer_unused_utig4-1536	utig4-1536+
dam_compressed.k31.hapmer-0000149	rDNA	20301.0	20302.0					dam_compressed.k31.hapmer_unused_utig4-1537	utig4-1537+
dam_compressed.k31.hapmer-0000150	rDNA	50836.0	50837.0					dam_compressed.k31.hapmer_unused_utig4-1541	utig4-1541+
dam_compressed.k31.hapmer-0000151	rDNA	25796.0	25797.0					dam_compressed.k31.hapmer_unused_utig4-1542	utig4-1542+
dam_compressed.k31.hapmer-0000152	rDNA	52397.0	52398.0					dam_compressed.k31.hapmer_unused_utig4-1543	utig4-1543+
dam_compressed.k31.hapmer-0000153	rDNA	34100.0	34101.0					dam_compressed.k31.hapmer_unused_utig4-1544	utig4-1544+
dam_compressed.k31.hapmer-0000154	rDNA	26314.0	26315.0					dam_compressed.k31.hapmer_unused_utig4-1545	utig4-1545+
dam_compressed.k31.hapmer-0000155	rDNA	40731.0	40732.0					dam_compressed.k31.hapmer_unused_utig4-1546	utig4-1546+
dam_compressed.k31.hapmer-0000156	rDNA	19696.0	19697.0					dam_compressed.k31.hapmer_unused_utig4-1547	utig4-1547+
dam_compressed.k31.hapmer-0000157	rDNA	40116.0	40117.0					dam_compressed.k31.hapmer_unused_utig4-1548	utig4-1548+
dam_compressed.k31.hapmer-0000158	rDNA	31667.0	31668.0					dam_compressed.k31.hapmer_unused_utig4-1549	utig4-1549+
dam_compressed.k31.hapmer-0000159	rDNA	23470.0	23471.0					dam_compressed.k31.hapmer_unused_utig4-1552	utig4-1552+
dam_compressed.k31.hapmer-0000160	rDNA	19386.0	19387.0					dam_compressed.k31.hapmer_unused_utig4-1553	utig4-1553+
dam_compressed.k31.hapmer-0000161								dam_compressed.k31.hapmer_unused_utig4-1555	utig4-1555+
dam_compressed.k31.hapmer-0000163	rDNA	15792.0	15793.0					dam_compressed.k31.hapmer_unused_utig4-1557	utig4-1557+
dam_compressed.k31.hapmer-0000164	rDNA	14991.0	14992.0					dam_compressed.k31.hapmer_unused_utig4-1558	utig4-1558+
dam_compressed.k31.hapmer-0000165	rDNA	21939.0	21940.0					dam_compressed.k31.hapmer_unused_utig4-1559	utig4-1559+
dam_compressed.k31.hapmer-0000166	rDNA	173075.0	173076.0					dam_compressed.k31.hapmer_unused_utig4-1567	utig4-1567+
dam_compressed.k31.hapmer-0000167	rDNA	28204.0	28205.0					dam_compressed.k31.hapmer_unused_utig4-1568	utig4-1568+
dam_compressed.k31.hapmer-0000168	rDNA	99190.0	99191.0					dam_compressed.k31.hapmer_unused_utig4-1569	utig4-1569+
dam_compressed.k31.hapmer-0000169	rDNA	71765.0	71766.0					dam_compressed.k31.hapmer_unused_utig4-1572	utig4-1572+
dam_compressed.k31.hapmer-0000170	rDNA	139800.0	139801.0					dam_compressed.k31.hapmer_unused_utig4-1573	utig4-1573+
dam_compressed.k31.hapmer-0000171	rDNA	68693.0	68694.0					dam_compressed.k31.hapmer_unused_utig4-1574	utig4-1574+
dam_compressed.k31.hapmer-0000172	rDNA	106914.0	106915.0					dam_compressed.k31.hapmer_unused_utig4-1575	utig4-1575+
dam_compressed.k31.hapmer-0000173	rDNA	105581.0	105582.0					dam_compressed.k31.hapmer_unused_utig4-1576	utig4-1576+
dam_compressed.k31.hapmer-0000174	rDNA	192944.0	192945.0					dam_compressed.k31.hapmer_unused_utig4-1577	utig4-1577+
dam_compressed.k31.hapmer-0000175	rDNA	64328.0	64329.0					dam_compressed.k31.hapmer_unused_utig4-1578	utig4-1578+
dam_compressed.k31.hapmer-0000176	rDNA	52883.0	52884.0					dam_compressed.k31.hapmer_unused_utig4-1579	utig4-1579+
dam_compressed.k31.hapmer-0000177	rDNA	38795.0	38796.0					dam_compressed.k31.hapmer_unused_utig4-1580	utig4-1580+
dam_compressed.k31.hapmer-0000178	rDNA	33132.0	33133.0					dam_compressed.k31.hapmer_unused_utig4-1581	utig4-1581+
dam_compressed.k31.hapmer-0000179	rDNA	88191.0	88192.0					dam_compressed.k31.hapmer_unused_utig4-1582	utig4-1582+
dam_compressed.k31.hapmer-0000180	rDNA	60504.0	60505.0					dam_compressed.k31.hapmer_unused_utig4-1583	utig4-1583+
dam_compressed.k31.hapmer-0000182	rDNA	64879.0	64880.0					dam_compressed.k31.hapmer_unused_utig4-1586	utig4-1586+
dam_compressed.k31.hapmer-0000183	rDNA	35526.0	35527.0					dam_compressed.k31.hapmer_unused_utig4-1587	utig4-1587+
dam_compressed.k31.hapmer-0000184	rDNA	54445.0	54446.0					dam_compressed.k31.hapmer_unused_utig4-1588	utig4-1588+
dam_compressed.k31.hapmer-0000185	rDNA	58348.0	58349.0					dam_compressed.k31.hapmer_unused_utig4-1589	utig4-1589+
dam_compressed.k31.hapmer-0000186	rDNA	42292.0	42293.0					dam_compressed.k31.hapmer_unused_utig4-1590	utig4-1590+
dam_compressed.k31.hapmer-0000187	rDNA	56084.0	56085.0					dam_compressed.k31.hapmer_unused_utig4-1594	utig4-1594+
dam_compressed.k31.hapmer-0000188	rDNA	37351.0	37352.0					dam_compressed.k31.hapmer_unused_utig4-1595	utig4-1595+
dam_compressed.k31.hapmer-0000189	rDNA	38775.0	38776.0					dam_compressed.k31.hapmer_unused_utig4-1596	utig4-1596+
dam_compressed.k31.hapmer-0000190	rDNA	42954.0	42955.0					dam_compressed.k31.hapmer_unused_utig4-1597	utig4-1597+
dam_compressed.k31.hapmer-0000191	rDNA	17094.0	17095.0					dam_compressed.k31.hapmer_unused_utig4-1598	utig4-1598+
dam_compressed.k31.hapmer-0000192	rDNA	16415.0	16416.0					dam_compressed.k31.hapmer_unused_utig4-16	utig4-16+
dam_compressed.k31.hapmer-0000193	rDNA	46899.0	46900.0					dam_compressed.k31.hapmer_unused_utig4-1611	utig4-1611+
dam_compressed.k31.hapmer-0000194	rDNA	66928.0	66929.0					dam_compressed.k31.hapmer_unused_utig4-1617	utig4-1617+
dam_compressed.k31.hapmer-0000195	rDNA	36980.0	36981.0					dam_compressed.k31.hapmer_unused_utig4-1618	utig4-1618+
dam_compressed.k31.hapmer-0000196	rDNA	69134.0	69135.0					dam_compressed.k31.hapmer_unused_utig4-1619	utig4-1619+
dam_compressed.k31.hapmer-0000197	rDNA	51823.0	51824.0					dam_compressed.k31.hapmer_unused_utig4-1620	utig4-1620+
dam_compressed.k31.hapmer-0000198	rDNA	74969.0	74970.0					dam_compressed.k31.hapmer_unused_utig4-1621	utig4-1621+
dam_compressed.k31.hapmer-0000199	rDNA	43403.0	43404.0					dam_compressed.k31.hapmer_unused_utig4-1622	utig4-1622+
dam_compressed.k31.hapmer-0000200	rDNA	51925.0	51926.0					dam_compressed.k31.hapmer_unused_utig4-1623	utig4-1623+
dam_compressed.k31.hapmer-0000201	rDNA	93353.0	93354.0					dam_compressed.k31.hapmer_unused_utig4-1630	utig4-1630+
dam_compressed.k31.hapmer-0000202	rDNA	87235.0	87236.0					dam_compressed.k31.hapmer_unused_utig4-1631	utig4-1631+
dam_compressed.k31.hapmer-0000203								dam_compressed.k31.hapmer_unused_utig4-1635	utig4-1635+
dam_compressed.k31.hapmer-0000204								dam_compressed.k31.hapmer_unused_utig4-165	utig4-165+
dam_compressed.k31.hapmer-0000205								dam_compressed.k31.hapmer_unused_utig4-166	utig4-166+
dam_compressed.k31.hapmer-0000206								dam_compressed.k31.hapmer_unused_utig4-167	utig4-167+
dam_compressed.k31.hapmer-0000207	rDNA	23837.0	23838.0					dam_compressed.k31.hapmer_unused_utig4-168	utig4-168+
dam_compressed.k31.hapmer-0000208								dam_compressed.k31.hapmer_unused_utig4-1804	utig4-1804+
dam_compressed.k31.hapmer-0000209								dam_compressed.k31.hapmer_unused_utig4-1805	utig4-1805+
dam_compressed.k31.hapmer-0000210								dam_compressed.k31.hapmer_unused_utig4-1806	utig4-1806+
dam_compressed.k31.hapmer-0000211								dam_compressed.k31.hapmer_unused_utig4-1903	utig4-1903+
dam_compressed.k31.hapmer-0000212	rDNA	21764.0	21765.0					dam_compressed.k31.hapmer_unused_utig4-206	utig4-206+
dam_compressed.k31.hapmer-0000213	rDNA	56026.0	56027.0					dam_compressed.k31.hapmer_unused_utig4-207	utig4-207+
dam_compressed.k31.hapmer-0000214	rDNA	46818.0	46819.0					dam_compressed.k31.hapmer_unused_utig4-208	utig4-208+
dam_compressed.k31.hapmer-0000216						1.0		dam_compressed.k31.hapmer_unused_utig4-2094	utig4-2094+
dam_compressed.k31.hapmer-0000217	rDNA	61150.0	61151.0					dam_compressed.k31.hapmer_unused_utig4-210	utig4-210+
dam_compressed.k31.hapmer-0000218								dam_compressed.k31.hapmer_unused_utig4-2103	utig4-2103+
dam_compressed.k31.hapmer-0000219								dam_compressed.k31.hapmer_unused_utig4-2105	utig4-2105+
dam_compressed.k31.hapmer-0000220	rDNA	59348.0	59349.0					dam_compressed.k31.hapmer_unused_utig4-211	utig4-211+
dam_compressed.k31.hapmer-0000221								dam_compressed.k31.hapmer_unused_utig4-2114	utig4-2114+
dam_compressed.k31.hapmer-0000222								dam_compressed.k31.hapmer_unused_utig4-2115	utig4-2115+
dam_compressed.k31.hapmer-0000223								dam_compressed.k31.hapmer_unused_utig4-2117	utig4-2117+
dam_compressed.k31.hapmer-0000224	rDNA	28534.0	28535.0					dam_compressed.k31.hapmer_unused_utig4-212	utig4-212+
dam_compressed.k31.hapmer-0000225	rDNA	13179.0	13180.0					dam_compressed.k31.hapmer_unused_utig4-213	utig4-213+
dam_compressed.k31.hapmer-0000226	rDNA	20155.0	20156.0					dam_compressed.k31.hapmer_unused_utig4-214	utig4-214+
dam_compressed.k31.hapmer-0000227								dam_compressed.k31.hapmer_unused_utig4-2148	utig4-2148+
dam_compressed.k31.hapmer-0000228								dam_compressed.k31.hapmer_unused_utig4-2149	utig4-2149+
dam_compressed.k31.hapmer-0000229	rDNA	75355.0	75356.0					dam_compressed.k31.hapmer_unused_utig4-215	utig4-215+
dam_compressed.k31.hapmer-0000231	rDNA	98262.0	98263.0					dam_compressed.k31.hapmer_unused_utig4-216	utig4-216+
dam_compressed.k31.hapmer-0000232	rDNA	32001.0	32002.0					dam_compressed.k31.hapmer_unused_utig4-217	utig4-217+
dam_compressed.k31.hapmer-0000233	rDNA	44034.0	44035.0					dam_compressed.k31.hapmer_unused_utig4-218	utig4-218+
dam_compressed.k31.hapmer-0000234	rDNA	30929.0	30930.0					dam_compressed.k31.hapmer_unused_utig4-219	utig4-219+
dam_compressed.k31.hapmer-0000235								dam_compressed.k31.hapmer_unused_utig4-2196	utig4-2196+
dam_compressed.k31.hapmer-0000236	rDNA	71243.0	71244.0					dam_compressed.k31.hapmer_unused_utig4-220	utig4-220+
dam_compressed.k31.hapmer-0000237								dam_compressed.k31.hapmer_unused_utig4-2207	utig4-2207+
dam_compressed.k31.hapmer-0000238	rDNA	52741.0	52742.0					dam_compressed.k31.hapmer_unused_utig4-221	utig4-221+
dam_compressed.k31.hapmer-0000239	rDNA	55297.0	55298.0					dam_compressed.k31.hapmer_unused_utig4-222	utig4-222+
dam_compressed.k31.hapmer-0000240	rDNA	52407.0	52408.0					dam_compressed.k31.hapmer_unused_utig4-223	utig4-223+
dam_compressed.k31.hapmer-0000241	rDNA	40205.0	40206.0					dam_compressed.k31.hapmer_unused_utig4-224	utig4-224+
dam_compressed.k31.hapmer-0000242	rDNA	36098.0	36099.0					dam_compressed.k31.hapmer_unused_utig4-225	utig4-225+
dam_compressed.k31.hapmer-0000243	rDNA	62573.0	62574.0					dam_compressed.k31.hapmer_unused_utig4-226	utig4-226+
dam_compressed.k31.hapmer-0000244								dam_compressed.k31.hapmer_unused_utig4-2267	utig4-2267+
dam_compressed.k31.hapmer-0000245								dam_compressed.k31.hapmer_unused_utig4-2268	utig4-2268+
dam_compressed.k31.hapmer-0000246	rDNA	32212.0	32213.0					dam_compressed.k31.hapmer_unused_utig4-227	utig4-227+
dam_compressed.k31.hapmer-0000247	rDNA	70928.0	70929.0					dam_compressed.k31.hapmer_unused_utig4-228	utig4-228+
dam_compressed.k31.hapmer-0000248	rDNA	63693.0	63694.0					dam_compressed.k31.hapmer_unused_utig4-229	utig4-229+
dam_compressed.k31.hapmer-0000249	rDNA	62426.0	62427.0					dam_compressed.k31.hapmer_unused_utig4-230	utig4-230+
dam_compressed.k31.hapmer-0000250								dam_compressed.k31.hapmer_unused_utig4-2304	utig4-2304+
dam_compressed.k31.hapmer-0000251								dam_compressed.k31.hapmer_unused_utig4-2305	utig4-2305+
dam_compressed.k31.hapmer-0000252	rDNA	31815.0	31816.0					dam_compressed.k31.hapmer_unused_utig4-231	utig4-231+
dam_compressed.k31.hapmer-0000253								dam_compressed.k31.hapmer_unused_utig4-2317	utig4-2317+
dam_compressed.k31.hapmer-0000254								dam_compressed.k31.hapmer_unused_utig4-2318	utig4-2318+
dam_compressed.k31.hapmer-0000255								dam_compressed.k31.hapmer_unused_utig4-2319	utig4-2319+
dam_compressed.k31.hapmer-0000256	rDNA	44952.0	44953.0					dam_compressed.k31.hapmer_unused_utig4-232	utig4-232+
dam_compressed.k31.hapmer-0000257								dam_compressed.k31.hapmer_unused_utig4-2327	utig4-2327+
dam_compressed.k31.hapmer-0000258								dam_compressed.k31.hapmer_unused_utig4-2329	utig4-2329+
dam_compressed.k31.hapmer-0000260	rDNA	103419.0	103420.0					dam_compressed.k31.hapmer_unused_utig4-235	utig4-235+
dam_compressed.k31.hapmer-0000261	rDNA	51696.0	51697.0					dam_compressed.k31.hapmer_unused_utig4-236	utig4-236+
dam_compressed.k31.hapmer-0000262								dam_compressed.k31.hapmer_unused_utig4-2360	utig4-2360+
dam_compressed.k31.hapmer-0000263								dam_compressed.k31.hapmer_unused_utig4-2361	utig4-2361+
dam_compressed.k31.hapmer-0000264								dam_compressed.k31.hapmer_unused_utig4-2362	utig4-2362+
dam_compressed.k31.hapmer-0000265								dam_compressed.k31.hapmer_unused_utig4-2364	utig4-2364+
dam_compressed.k31.hapmer-0000266								dam_compressed.k31.hapmer_unused_utig4-2400	utig4-2400+
dam_compressed.k31.hapmer-0000267								dam_compressed.k31.hapmer_unused_utig4-2401	utig4-2401+
dam_compressed.k31.hapmer-0000268								dam_compressed.k31.hapmer_unused_utig4-2403	utig4-2403+
dam_compressed.k31.hapmer-0000269								dam_compressed.k31.hapmer_unused_utig4-2404	utig4-2404+
dam_compressed.k31.hapmer-0000270								dam_compressed.k31.hapmer_unused_utig4-2464	utig4-2464+
dam_compressed.k31.hapmer-0000271								dam_compressed.k31.hapmer_unused_utig4-2465	utig4-2465+
dam_compressed.k31.hapmer-0000272								dam_compressed.k31.hapmer_unused_utig4-2481	utig4-2481+
dam_compressed.k31.hapmer-0000273								dam_compressed.k31.hapmer_unused_utig4-2489	utig4-2489+
dam_compressed.k31.hapmer-0000274								dam_compressed.k31.hapmer_unused_utig4-2490	utig4-2490+
dam_compressed.k31.hapmer-0000275								dam_compressed.k31.hapmer_unused_utig4-2491	utig4-2491+
dam_compressed.k31.hapmer-0000276								dam_compressed.k31.hapmer_unused_utig4-2492	utig4-2492+
dam_compressed.k31.hapmer-0000277	rDNA	12520.0	12521.0					dam_compressed.k31.hapmer_unused_utig4-2501	utig4-2501+
dam_compressed.k31.hapmer-0000278	rDNA	57996.0	57997.0					dam_compressed.k31.hapmer_unused_utig4-2502	utig4-2502+
dam_compressed.k31.hapmer-0000279	rDNA	43408.0	43409.0					dam_compressed.k31.hapmer_unused_utig4-2503	utig4-2503+
dam_compressed.k31.hapmer-0000280								dam_compressed.k31.hapmer_unused_utig4-2510	utig4-2510+
dam_compressed.k31.hapmer-0000281								dam_compressed.k31.hapmer_unused_utig4-2511	utig4-2511+
dam_compressed.k31.hapmer-0000282								dam_compressed.k31.hapmer_unused_utig4-2512	utig4-2512+
dam_compressed.k31.hapmer-0000283	rDNA	32234.0	32235.0					dam_compressed.k31.hapmer_unused_utig4-2514	utig4-2514+
dam_compressed.k31.hapmer-0000284	rDNA	68431.0	68432.0					dam_compressed.k31.hapmer_unused_utig4-2515	utig4-2515+
dam_compressed.k31.hapmer-0000285	rDNA	57299.0	57300.0					dam_compressed.k31.hapmer_unused_utig4-2516	utig4-2516+
dam_compressed.k31.hapmer-0000286	rDNA	33555.0	33556.0					dam_compressed.k31.hapmer_unused_utig4-2517	utig4-2517+
dam_compressed.k31.hapmer-0000287	rDNA	40567.0	40568.0					dam_compressed.k31.hapmer_unused_utig4-2518	utig4-2518+
dam_compressed.k31.hapmer-0000288	rDNA	68239.0	68240.0					dam_compressed.k31.hapmer_unused_utig4-2520	utig4-2520+
dam_compressed.k31.hapmer-0000289	rDNA	37476.0	37477.0					dam_compressed.k31.hapmer_unused_utig4-2523	utig4-2523+
dam_compressed.k31.hapmer-0000290	rDNA	36507.0	36508.0					dam_compressed.k31.hapmer_unused_utig4-2524	utig4-2524+
dam_compressed.k31.hapmer-0000291	rDNA	32124.0	32125.0					dam_compressed.k31.hapmer_unused_utig4-2525	utig4-2525+
dam_compressed.k31.hapmer-0000292	rDNA	13595.0	13596.0					dam_compressed.k31.hapmer_unused_utig4-2529	utig4-2529+
dam_compressed.k31.hapmer-0000293	rDNA	15842.0	15843.0					dam_compressed.k31.hapmer_unused_utig4-303	utig4-303+
dam_compressed.k31.hapmer-0000294	rDNA	41717.0	41718.0					dam_compressed.k31.hapmer_unused_utig4-304	utig4-304+
dam_compressed.k31.hapmer-0000296	rDNA	73522.0	73523.0					dam_compressed.k31.hapmer_unused_utig4-306	utig4-306+
dam_compressed.k31.hapmer-0000297	rDNA	62429.0	62430.0					dam_compressed.k31.hapmer_unused_utig4-307	utig4-307+
dam_compressed.k31.hapmer-0000298	rDNA	31257.0	31258.0					dam_compressed.k31.hapmer_unused_utig4-308	utig4-308+
dam_compressed.k31.hapmer-0000299	rDNA	83836.0	83837.0					dam_compressed.k31.hapmer_unused_utig4-309	utig4-309+
dam_compressed.k31.hapmer-0000300	rDNA	108196.0	108197.0					dam_compressed.k31.hapmer_unused_utig4-310	utig4-310+
dam_compressed.k31.hapmer-0000301	rDNA	72458.0	72459.0					dam_compressed.k31.hapmer_unused_utig4-311	utig4-311+
dam_compressed.k31.hapmer-0000302	rDNA	98353.0	98354.0					dam_compressed.k31.hapmer_unused_utig4-312	utig4-312+
dam_compressed.k31.hapmer-0000303	rDNA	18172.0	18173.0					dam_compressed.k31.hapmer_unused_utig4-313	utig4-313+
dam_compressed.k31.hapmer-0000304	rDNA	27886.0	27887.0					dam_compressed.k31.hapmer_unused_utig4-314	utig4-314+
dam_compressed.k31.hapmer-0000305	rDNA	148685.0	148686.0					dam_compressed.k31.hapmer_unused_utig4-315	utig4-315+
dam_compressed.k31.hapmer-0000306	rDNA	38045.0	38046.0					dam_compressed.k31.hapmer_unused_utig4-316	utig4-316+
dam_compressed.k31.hapmer-0000307	rDNA	130027.0	130028.0					dam_compressed.k31.hapmer_unused_utig4-317	utig4-317+
dam_compressed.k31.hapmer-0000308	rDNA	249695.0	249696.0					dam_compressed.k31.hapmer_unused_utig4-318	utig4-318+
dam_compressed.k31.hapmer-0000309	rDNA	37149.0	37150.0					dam_compressed.k31.hapmer_unused_utig4-358	utig4-358+
dam_compressed.k31.hapmer-0000310	rDNA	29788.0	29789.0					dam_compressed.k31.hapmer_unused_utig4-359	utig4-359+
dam_compressed.k31.hapmer-0000311	rDNA	59197.0	59198.0					dam_compressed.k31.hapmer_unused_utig4-360	utig4-360+
dam_compressed.k31.hapmer-0000312	rDNA	53269.0	53270.0					dam_compressed.k31.hapmer_unused_utig4-361	utig4-361+
dam_compressed.k31.hapmer-0000313	rDNA	100785.0	100786.0					dam_compressed.k31.hapmer_unused_utig4-362	utig4-362+
dam_compressed.k31.hapmer-0000314	rDNA	43348.0	43349.0					dam_compressed.k31.hapmer_unused_utig4-363	utig4-363+
dam_compressed.k31.hapmer-0000315	rDNA	36147.0	36148.0					dam_compressed.k31.hapmer_unused_utig4-364	utig4-364+
dam_compressed.k31.hapmer-0000316	rDNA	60440.0	60441.0					dam_compressed.k31.hapmer_unused_utig4-365	utig4-365+
dam_compressed.k31.hapmer-0000317	rDNA	38349.0	38350.0					dam_compressed.k31.hapmer_unused_utig4-366	utig4-366+
dam_compressed.k31.hapmer-0000318	rDNA	47406.0	47407.0					dam_compressed.k31.hapmer_unused_utig4-367	utig4-367+
dam_compressed.k31.hapmer-0000319	rDNA	61076.0	61077.0					dam_compressed.k31.hapmer_unused_utig4-368	utig4-368+
dam_compressed.k31.hapmer-0000320	rDNA	40305.0	40306.0					dam_compressed.k31.hapmer_unused_utig4-369	utig4-369+
dam_compressed.k31.hapmer-0000321	rDNA	62617.0	62618.0					dam_compressed.k31.hapmer_unused_utig4-370	utig4-370+
dam_compressed.k31.hapmer-0000322	rDNA	37700.0	37701.0					dam_compressed.k31.hapmer_unused_utig4-371	utig4-371+
dam_compressed.k31.hapmer-0000323	rDNA	83761.0	83762.0					dam_compressed.k31.hapmer_unused_utig4-372	utig4-372+
dam_compressed.k31.hapmer-0000324	rDNA	40455.0	40456.0					dam_compressed.k31.hapmer_unused_utig4-373	utig4-373+
dam_compressed.k31.hapmer-0000325	rDNA	105197.0	105198.0					dam_compressed.k31.hapmer_unused_utig4-374	utig4-374+
dam_compressed.k31.hapmer-0000326	rDNA	77012.0	77013.0					dam_compressed.k31.hapmer_unused_utig4-375	utig4-375+
dam_compressed.k31.hapmer-0000327	rDNA	32044.0	32045.0					dam_compressed.k31.hapmer_unused_utig4-376	utig4-376+
dam_compressed.k31.hapmer-0000328	rDNA	70989.0	70990.0					dam_compressed.k31.hapmer_unused_utig4-377	utig4-377+
dam_compressed.k31.hapmer-0000329	rDNA	25014.0	25015.0					dam_compressed.k31.hapmer_unused_utig4-381	utig4-381+
dam_compressed.k31.hapmer-0000330	rDNA	34184.0	34185.0					dam_compressed.k31.hapmer_unused_utig4-402	utig4-402+
dam_compressed.k31.hapmer-0000331	rDNA	26333.0	26334.0					dam_compressed.k31.hapmer_unused_utig4-404	utig4-404+
dam_compressed.k31.hapmer-0000332	rDNA	27092.0	27093.0					dam_compressed.k31.hapmer_unused_utig4-406	utig4-406+
dam_compressed.k31.hapmer-0000333	rDNA	24594.0	24595.0					dam_compressed.k31.hapmer_unused_utig4-407	utig4-407+
dam_compressed.k31.hapmer-0000334	rDNA	15509.0	15510.0					dam_compressed.k31.hapmer_unused_utig4-408	utig4-408+
dam_compressed.k31.hapmer-0000335	rDNA	79122.0	79123.0					dam_compressed.k31.hapmer_unused_utig4-409	utig4-409+
dam_compressed.k31.hapmer-0000336	rDNA	21151.0	21152.0					dam_compressed.k31.hapmer_unused_utig4-410	utig4-410+
dam_compressed.k31.hapmer-0000337	rDNA	33385.0	33386.0					dam_compressed.k31.hapmer_unused_utig4-411	utig4-411+
dam_compressed.k31.hapmer-0000339	rDNA	69089.0	69090.0					dam_compressed.k31.hapmer_unused_utig4-424	utig4-424+
dam_compressed.k31.hapmer-0000341	rDNA	19750.0	19751.0					dam_compressed.k31.hapmer_unused_utig4-443	utig4-443+
dam_compressed.k31.hapmer-0000342	rDNA	14116.0	14117.0					dam_compressed.k31.hapmer_unused_utig4-444	utig4-444+
dam_compressed.k31.hapmer-0000344	rDNA	20130.0	20131.0					dam_compressed.k31.hapmer_unused_utig4-446	utig4-446+
dam_compressed.k31.hapmer-0000345	rDNA	53794.0	53795.0					dam_compressed.k31.hapmer_unused_utig4-447	utig4-447+
dam_compressed.k31.hapmer-0000347	rDNA	15956.0	15957.0					dam_compressed.k31.hapmer_unused_utig4-466	utig4-466+
dam_compressed.k31.hapmer-0000348	rDNA	23107.0	23108.0					dam_compressed.k31.hapmer_unused_utig4-467	utig4-467+
dam_compressed.k31.hapmer-0000349	rDNA	16364.0	16365.0					dam_compressed.k31.hapmer_unused_utig4-469	utig4-469+
dam_compressed.k31.hapmer-0000350	rDNA	37233.0	37234.0					dam_compressed.k31.hapmer_unused_utig4-480	utig4-480+
dam_compressed.k31.hapmer-0000351	rDNA	46780.0	46781.0					dam_compressed.k31.hapmer_unused_utig4-481	utig4-481+
dam_compressed.k31.hapmer-0000352	rDNA	21275.0	21276.0					dam_compressed.k31.hapmer_unused_utig4-482	utig4-482+
dam_compressed.k31.hapmer-0000353	rDNA	48920.0	48921.0					dam_compressed.k31.hapmer_unused_utig4-483	utig4-483+
dam_compressed.k31.hapmer-0000354	rDNA	113514.0	113515.0					dam_compressed.k31.hapmer_unused_utig4-484	utig4-484+
dam_compressed.k31.hapmer-0000355	rDNA	46301.0	46302.0					dam_compressed.k31.hapmer_unused_utig4-496	utig4-496+
dam_compressed.k31.hapmer-0000356	rDNA	52990.0	52991.0					dam_compressed.k31.hapmer_unused_utig4-497	utig4-497+
dam_compressed.k31.hapmer-0000357	rDNA	50627.0	50628.0					dam_compressed.k31.hapmer_unused_utig4-498	utig4-498+
dam_compressed.k31.hapmer-0000358	rDNA	78306.0	78307.0					dam_compressed.k31.hapmer_unused_utig4-499	utig4-499+
dam_compressed.k31.hapmer-0000359	rDNA	55039.0	55040.0					dam_compressed.k31.hapmer_unused_utig4-500	utig4-500+
dam_compressed.k31.hapmer-0000360	rDNA	96168.0	96169.0					dam_compressed.k31.hapmer_unused_utig4-501	utig4-501+
dam_compressed.k31.hapmer-0000361	rDNA	70208.0	70209.0					dam_compressed.k31.hapmer_unused_utig4-502	utig4-502+
dam_compressed.k31.hapmer-0000362	rDNA	43521.0	43522.0					dam_compressed.k31.hapmer_unused_utig4-511	utig4-511+
dam_compressed.k31.hapmer-0000363	rDNA	36424.0	36425.0					dam_compressed.k31.hapmer_unused_utig4-519	utig4-519+
dam_compressed.k31.hapmer-0000364	rDNA	44947.0	44948.0					dam_compressed.k31.hapmer_unused_utig4-520	utig4-520+
dam_compressed.k31.hapmer-0000365	rDNA	58592.0	58593.0					dam_compressed.k31.hapmer_unused_utig4-521	utig4-521+
dam_compressed.k31.hapmer-0000366	rDNA	92823.0	92824.0					dam_compressed.k31.hapmer_unused_utig4-522	utig4-522+
dam_compressed.k31.hapmer-0000367	rDNA	48981.0	48982.0					dam_compressed.k31.hapmer_unused_utig4-523	utig4-523+
dam_compressed.k31.hapmer-0000368	rDNA	56402.0	56403.0					dam_compressed.k31.hapmer_unused_utig4-524	utig4-524+
dam_compressed.k31.hapmer-0000369	rDNA	51674.0	51675.0					dam_compressed.k31.hapmer_unused_utig4-525	utig4-525+
dam_compressed.k31.hapmer-0000371	rDNA	96991.0	96992.0					dam_compressed.k31.hapmer_unused_utig4-527	utig4-527+
dam_compressed.k31.hapmer-0000372	rDNA	43544.0	43545.0					dam_compressed.k31.hapmer_unused_utig4-528	utig4-528+
dam_compressed.k31.hapmer-0000373	rDNA	96757.0	96758.0					dam_compressed.k31.hapmer_unused_utig4-529	utig4-529+
dam_compressed.k31.hapmer-0000374	rDNA	46058.0	46059.0					dam_compressed.k31.hapmer_unused_utig4-536	utig4-536+
dam_compressed.k31.hapmer-0000375	rDNA	39468.0	39469.0					dam_compressed.k31.hapmer_unused_utig4-537	utig4-537+
dam_compressed.k31.hapmer-0000376	rDNA	57208.0	57209.0					dam_compressed.k31.hapmer_unused_utig4-538	utig4-538+
dam_compressed.k31.hapmer-0000377	rDNA	73864.0	73865.0					dam_compressed.k31.hapmer_unused_utig4-560	utig4-560+
dam_compressed.k31.hapmer-0000378	rDNA	31498.0	31499.0					dam_compressed.k31.hapmer_unused_utig4-561	utig4-561+
dam_compressed.k31.hapmer-0000380	rDNA	55825.0	55826.0					dam_compressed.k31.hapmer_unused_utig4-581	utig4-581+
dam_compressed.k31.hapmer-0000381	rDNA	24094.0	24095.0					dam_compressed.k31.hapmer_unused_utig4-582	utig4-582+
dam_compressed.k31.hapmer-0000382	rDNA	30052.0	30053.0					dam_compressed.k31.hapmer_unused_utig4-583	utig4-583+
dam_compressed.k31.hapmer-0000383	rDNA	24515.0	24516.0					dam_compressed.k31.hapmer_unused_utig4-584	utig4-584+
dam_compressed.k31.hapmer-0000384	rDNA	45699.0	45700.0					dam_compressed.k31.hapmer_unused_utig4-585	utig4-585+
dam_compressed.k31.hapmer-0000385	rDNA	86187.0	86188.0					dam_compressed.k31.hapmer_unused_utig4-586	utig4-586+
dam_compressed.k31.hapmer-0000386	rDNA	62924.0	62925.0					dam_compressed.k31.hapmer_unused_utig4-587	utig4-587+
dam_compressed.k31.hapmer-0000387	rDNA	66754.0	66755.0					dam_compressed.k31.hapmer_unused_utig4-588	utig4-588+
dam_compressed.k31.hapmer-0000388	rDNA	94333.0	94334.0					dam_compressed.k31.hapmer_unused_utig4-589	utig4-589+
dam_compressed.k31.hapmer-0000389	rDNA	68535.0	68536.0					dam_compressed.k31.hapmer_unused_utig4-590	utig4-590+
dam_compressed.k31.hapmer-0000390	rDNA	72270.0	72271.0					dam_compressed.k31.hapmer_unused_utig4-591	utig4-591+
dam_compressed.k31.hapmer-0000391	rDNA	21337.0	21338.0					dam_compressed.k31.hapmer_unused_utig4-592	utig4-592+
dam_compressed.k31.hapmer-0000392	rDNA	40741.0	40742.0					dam_compressed.k31.hapmer_unused_utig4-593	utig4-593+
dam_compressed.k31.hapmer-0000393	rDNA	47759.0	47760.0					dam_compressed.k31.hapmer_unused_utig4-594	utig4-594+
dam_compressed.k31.hapmer-0000394								dam_compressed.k31.hapmer_unused_utig4-596	utig4-596+
dam_compressed.k31.hapmer-0000395								dam_compressed.k31.hapmer_unused_utig4-597	utig4-597+
dam_compressed.k31.hapmer-0000396								dam_compressed.k31.hapmer_unused_utig4-598	utig4-598+
dam_compressed.k31.hapmer-0000397								dam_compressed.k31.hapmer_unused_utig4-599	utig4-599+
dam_compressed.k31.hapmer-0000398	rDNA	20140.0	20141.0					dam_compressed.k31.hapmer_unused_utig4-6	utig4-6+
dam_compressed.k31.hapmer-0000399	rDNA	48798.0	48799.0					dam_compressed.k31.hapmer_unused_utig4-600	utig4-600+
dam_compressed.k31.hapmer-0000400	rDNA	29027.0	29028.0					dam_compressed.k31.hapmer_unused_utig4-601	utig4-601+
dam_compressed.k31.hapmer-0000401	rDNA	62560.0	62561.0					dam_compressed.k31.hapmer_unused_utig4-602	utig4-602+
dam_compressed.k31.hapmer-0000402	rDNA	30085.0	30086.0					dam_compressed.k31.hapmer_unused_utig4-603	utig4-603+
dam_compressed.k31.hapmer-0000403	rDNA	60413.0	60414.0					dam_compressed.k31.hapmer_unused_utig4-635	utig4-635+
dam_compressed.k31.hapmer-0000404	rDNA	131476.0	131477.0					dam_compressed.k31.hapmer_unused_utig4-638	utig4-638+
dam_compressed.k31.hapmer-0000405								dam_compressed.k31.hapmer_unused_utig4-654	utig4-654+
dam_compressed.k31.hapmer-0000406								dam_compressed.k31.hapmer_unused_utig4-656	utig4-656+
dam_compressed.k31.hapmer-0000407								dam_compressed.k31.hapmer_unused_utig4-670	utig4-670+
dam_compressed.k31.hapmer-0000408								dam_compressed.k31.hapmer_unused_utig4-671	utig4-671+
dam_compressed.k31.hapmer-0000409								dam_compressed.k31.hapmer_unused_utig4-672	utig4-672+
dam_compressed.k31.hapmer-0000410								dam_compressed.k31.hapmer_unused_utig4-679	utig4-679+
dam_compressed.k31.hapmer-0000411								dam_compressed.k31.hapmer_unused_utig4-680	utig4-680+
dam_compressed.k31.hapmer-0000412								dam_compressed.k31.hapmer_unused_utig4-682	utig4-682+
dam_compressed.k31.hapmer-0000413								dam_compressed.k31.hapmer_unused_utig4-688	utig4-688+
dam_compressed.k31.hapmer-0000414								dam_compressed.k31.hapmer_unused_utig4-689	utig4-689+
dam_compressed.k31.hapmer-0000415								dam_compressed.k31.hapmer_unused_utig4-711	utig4-711+
dam_compressed.k31.hapmer-0000416								dam_compressed.k31.hapmer_unused_utig4-717	utig4-717+
dam_compressed.k31.hapmer-0000417								dam_compressed.k31.hapmer_unused_utig4-775	utig4-775+
dam_compressed.k31.hapmer-0000418								dam_compressed.k31.hapmer_unused_utig4-776	utig4-776+
dam_compressed.k31.hapmer-0000419								dam_compressed.k31.hapmer_unused_utig4-777	utig4-777+
dam_compressed.k31.hapmer-0000420	rDNA	21471.0	21472.0					dam_compressed.k31.hapmer_unused_utig4-80	utig4-80+
dam_compressed.k31.hapmer-0000422								dam_compressed.k31.hapmer_unused_utig4-804	utig4-804+
dam_compressed.k31.hapmer-0000423								dam_compressed.k31.hapmer_unused_utig4-805	utig4-805+
dam_compressed.k31.hapmer-0000424								dam_compressed.k31.hapmer_unused_utig4-806	utig4-806+
dam_compressed.k31.hapmer-0000425								dam_compressed.k31.hapmer_unused_utig4-807	utig4-807+
dam_compressed.k31.hapmer-0000426								dam_compressed.k31.hapmer_unused_utig4-808	utig4-808+
dam_compressed.k31.hapmer-0000427								dam_compressed.k31.hapmer_unused_utig4-809	utig4-809+
dam_compressed.k31.hapmer-0000428								dam_compressed.k31.hapmer_unused_utig4-810	utig4-810+
dam_compressed.k31.hapmer-0000430								dam_compressed.k31.hapmer_unused_utig4-856	utig4-856+
dam_compressed.k31.hapmer-0000431								dam_compressed.k31.hapmer_unused_utig4-857	utig4-857+
dam_compressed.k31.hapmer-0000432	rDNA	47727.0	47728.0					dam_compressed.k31.hapmer_unused_utig4-9	utig4-9+
dam_compressed.k31.hapmer-0000433	rDNA	13315.0	13316.0					dam_compressed.k31.hapmer_unused_utig4-976	utig4-976+
sire_compressed.k31.hapmer-0000655	NC_037342.1_chr_15	101101416.0	85007780.0	1.0	1.0	2.0		sire_compressed.k31.hapmer_from_utig4-1155	utig4-1324-,utig4-1321-,utig4-1322+,utig4-2475+,utig4-1141-,utig4-1140+,utig4-20-,utig4-17-,utig4-18+,utig4-2042+,utig4-2043+,utig4-2238-,utig4-2235-,utig4-2231-,utig4-2232+,utig4-2325+,utig4-2136-,utig4-2135+,utig4-2139+,utig4-2227-,utig4-1894-,utig4-1893+,utig4-1897+,utig4-1987-,utig4-1157-,utig4-1153-,utig4-1155+
sire_compressed.k31.hapmer-0000656	NC_037356.1_chr_29	65026509.0	51098607.0	1.0	1.0	2.0		sire_compressed.k31.hapmer_from_utig4-1165	utig4-1847-,utig4-1843-,utig4-1845+,utig4-2088-,utig4-2031-,utig4-2029-,utig4-1166-,utig4-1163-,utig4-1165+
sire_compressed.k31.hapmer-0000657	NC_037335.1_chr_8	126036336.0	113319770.0	1.0	1.0	2.0		sire_compressed.k31.hapmer_from_utig4-1202	utig4-2299-,utig4-2177-,utig4-2176+,utig4-2179+,utig4-2506-,utig4-742-,utig4-741+,utig4-744+,utig4-2215+,utig4-2023-,utig4-2022+,utig4-822-,utig4-819-,utig4-821+,utig4-1868+,utig4-852-,utig4-850+,utig4-853+,utig4-2039-,utig4-2040+,utig4-2172-,utig4-1088-,utig4-1087+,utig4-1090+,utig4-2373-,utig4-2002-,utig4-2000-,utig4-1128-,utig4-1124-,utig4-1126+,utig4-1718+,utig4-1719+,utig4-2018+,utig4-2020+,utig4-2182-,utig4-2184+,utig4-2262-,utig4-70-,utig4-66-,utig4-67+,utig4-1740+,utig4-1742+,utig4-1783+,utig4-1207-,utig4-1204-,utig4-1205+,utig4-2237+,utig4-1986-,utig4-1982-,utig4-1983+,utig4-2134+,utig4-195-,utig4-194+,utig4-197+,utig4-1671+,utig4-1201-,utig4-1199+,utig4-1202+
sire_compressed.k31.hapmer-0000658						1.0		sire_compressed.k31.hapmer_from_utig4-1304	utig4-1304+
sire_compressed.k31.hapmer-0000659	NC_037339.1_chr_12	104256514.0	87216183.0	1.0	1.0	2.0		sire_compressed.k31.hapmer_from_utig4-1363	utig4-1363+,utig4-2129-,utig4-2099-,utig4-2098-,utig4-1094-,utig4-1092+,utig4-1096+,utig4-2326-,utig4-1614-,utig4-1612+,utig4-1616+,utig4-2254+,utig4-2255+,utig4-2378+,utig4-295-,utig4-294+,utig4-298+,utig4-1978+,utig4-1979+,utig4-2411-,utig4-1014-,utig4-1010-,utig4-1011+,utig4-1763-,utig4-1345-,utig4-431-,utig4-429+,utig4-433+,utig4-2460-,utig4-1360-,utig4-1358+,utig4-1361+,utig4-2295-,utig4-2079-,utig4-2075-,utig4-2076+,utig4-2257-,utig4-1780-,utig4-1778+,utig4-1781+,utig4-2439-,utig4-2284-,utig4-2283+,utig4-729-,utig4-510-
sire_compressed.k31.hapmer-0000660	NC_037329.1_chr_2	156835890.0	136231102.0			1.0	1.0	sire_compressed.k31.hapmer_from_utig4-137	utig4-137+,utig4-2127-,utig4-1933-,utig4-1932-,utig4-1823-,utig4-1822+,utig4-1826+,utig4-2367-,utig4-2368+,utig4-2488-,utig4-2455-,utig4-2454-,utig4-2272-,utig4-2269-,[N1000N:ambig_bubble],utig4-2298-,utig4-1662-,utig4-1659-,utig4-1661+,utig4-2458+,utig4-2187-,utig4-2186+,utig4-3-,utig4-1+,utig4-5+,utig4-1739-,utig4-904-,utig4-902+,utig4-905+,utig4-1940+,utig4-1033-,utig4-1030-,utig4-42-,utig4-23+
sire_compressed.k31.hapmer-0000661						1.0	1.0	sire_compressed.k31.hapmer_from_utig4-1453	utig4-1453+,utig4-2047-,utig4-1645+,[N5000N:ambig_path],utig4-2412+,utig4-2413+
sire_compressed.k31.hapmer-0000662						1.0	1.0	sire_compressed.k31.hapmer_from_utig4-1506	utig4-607+,[N572937N:tangle],utig4-1506+,utig4-1976-
sire_compressed.k31.hapmer-0000663	NC_037332.1_chr_5	139153273.0	120089316.0	1.0	1.0	2.0		sire_compressed.k31.hapmer_from_utig4-1511	utig4-2252-,utig4-1947-,utig4-1946+,utig4-1943-,utig4-1941+,utig4-1945+,utig4-2051-,utig4-2053+,utig4-2171-,utig4-961-,utig4-958-,utig4-959+,utig4-1152+,utig4-764-,utig4-762+,utig4-766+,utig4-1097+,utig4-1099+,utig4-1798+,utig4-1800+,utig4-2173-,utig4-979-,utig4-977+,utig4-981+,utig4-2504-,utig4-63-,utig4-61+,utig4-65+,utig4-1044+,utig4-1046+,utig4-1510+,utig4-1511+,utig4-2347-,utig4-725-,utig4-724+,utig4-728+,utig4-1842+,utig4-871-,utig4-869+,utig4-873+
sire_compressed.k31.hapmer-0000664	NC_037338.1_chr_11	119032998.0	106982474.0			1.0		sire_compressed.k31.hapmer_from_utig4-1658	utig4-81+,utig4-93+,utig4-2174+,utig4-1855-,utig4-1853-,utig4-1734-,utig4-1731-,utig4-1733+,utig4-2321+,utig4-2323+,utig4-2301-,utig4-2264-,utig4-2263+,utig4-909-,utig4-907+,utig4-911+,utig4-1118-,utig4-986-,utig4-982-,utig4-984+,utig4-2406-,utig4-1223-,utig4-1222+,utig4-1226+,utig4-2118+,utig4-2119+,utig4-2476-,utig4-1566-,utig4-1562-,utig4-1563+,utig4-2157+,utig4-2159+,utig4-2251+,utig4-941-,utig4-940+,utig4-701-,utig4-700+,utig4-704+,utig4-966-,utig4-968+,utig4-987-,utig4-839-,utig4-835-,utig4-836+,utig4-1877-,utig4-1029-,utig4-1025-,utig4-1026+,utig4-2383-,utig4-203-,utig4-199-,utig4-201+,utig4-1657+,utig4-1658+
sire_compressed.k31.hapmer-0000665	NC_037352.1_chr_25	52692206.0	42350435.0			1.0	1.0	sire_compressed.k31.hapmer_from_utig4-1698	utig4-1248+,utig4-476-,[N1000N:ambig_bubble],utig4-477+,utig4-1693-,utig4-1691-,utig4-1133-,utig4-1129-,utig4-1130+,utig4-2063+,utig4-2064+,utig4-2142+,utig4-1696-,utig4-1694+,utig4-1698+,utig4-2372-,utig4-2370+,utig4-1722-,utig4-1721+,utig4-1724+,utig4-2032+,utig4-506-,utig4-504+,utig4-508+,utig4-1538-,utig4-1539+,utig4-1820+,utig4-72-,utig4-71+,utig4-74+,utig4-2448+,utig4-2225-,utig4-2222-,utig4-2224+
sire_compressed.k31.hapmer-0000666	NC_037330.1_chr_3	138292597.0	121005158.0			1.0	2.0	sire_compressed.k31.hapmer_from_utig4-1727	utig4-1382+,utig4-975-,utig4-974-,utig4-913-,utig4-912+,utig4-915+,utig4-1649+,utig4-1650+,utig4-2424+,utig4-2015-,utig4-2012-,utig4-2014+,utig4-2181-,utig4-2083-,utig4-2080-,utig4-2081+,utig4-2193+,utig4-1704-,utig4-1702+,utig4-1706+,utig4-2354-,utig4-1116-,utig4-1115-,utig4-833-,utig4-829-,utig4-830+,utig4-2483+,utig4-1237-,utig4-1236-,utig4-1070-,utig4-1066-,utig4-1067+,utig4-2286-,utig4-616-,utig4-612-,utig4-614+,utig4-1715-,utig4-1717+,utig4-1726-,utig4-1727+,[N5000N:ambig_path],utig4-2332+,utig4-2334+,utig4-2337+,utig4-2485-,utig4-2484+,utig4-2278-,utig4-2275-,utig4-2277+,utig4-2355-,utig4-2357+,utig4-2462+,utig4-2311-,utig4-2310-,utig4-2260-,utig4-2258-,utig4-660-,utig4-658+,utig4-661+,utig4-2338+,[N1000N:ambig_bubble],utig4-2366-,utig4-2292-,utig4-2290+,utig4-2294+,utig4-2390+,utig4-2391+
sire_compressed.k31.hapmer-0000667	NC_037347.1_chr_20	73359279.0	71974595.0			1.0	2.0	sire_compressed.k31.hapmer_from_utig4-1730	utig4-640-,[N110589N:ambig_bubble],utig4-2452+,[N1000N:ambig_bubble],utig4-676+,utig4-678+,utig4-2160-,utig4-2162+,utig4-2309+,utig4-1654-,utig4-1652+,utig4-1655+,utig4-2055-,utig4-2028-,utig4-2026-,utig4-1647-,utig4-1646-,utig4-888-,utig4-884-,utig4-886+,utig4-1728+,utig4-1730+,utig4-1856-,utig4-1857+,utig4-2151-,utig4-1795-,utig4-1793+,utig4-1797+
sire_compressed.k31.hapmer-0000668	NC_037343.1_chr_16	96105003.0	81013979.0	1.0	1.0	2.0		sire_compressed.k31.hapmer_from_utig4-1746	utig4-928-,utig4-925-,utig4-926+,utig4-2236-,utig4-392-,utig4-388-,utig4-389+,utig4-1074-,utig4-1076+,utig4-1412-,utig4-1043-,utig4-1039-,utig4-1041+,utig4-2097-,utig4-337-,utig4-335+,utig4-339+,utig4-1744+,utig4-1746+,utig4-2122-,utig4-2123+
sire_compressed.k31.hapmer-0000669	NC_037340.1_chr_13	99585404.0	83472345.0	1.0	1.0	2.0		sire_compressed.k31.hapmer_from_utig4-1770	utig4-801-,utig4-800+,utig4-141-,utig4-138-,utig4-139+,utig4-609-,utig4-610+,utig4-2205+,utig4-1769-,utig4-1767+,utig4-1770+,utig4-2353-,utig4-1051-,utig4-1050+,utig4-1054+,utig4-2066-,utig4-2068+
sire_compressed.k31.hapmer-0000670	NC_037349.1_chr_22	75147935.0	60773035.0	1.0	1.0	2.0		sire_compressed.k31.hapmer_from_utig4-1831	utig4-2049-,utig4-2048-,utig4-1989-,utig4-1988+,utig4-1867-,utig4-1865+,utig4-1816-,utig4-1815+,utig4-1819+,utig4-2037+,utig4-1829-,utig4-1827+,utig4-1831+
sire_compressed.k31.hapmer-0000671	NC_037337.1_chr_10	116885217.0	103308737.0	1.0	1.0	2.0		sire_compressed.k31.hapmer_from_utig4-1863	utig4-553-,utig4-550-,utig4-551+,utig4-2201+,utig4-713-,utig4-712+,utig4-716+,utig4-1773-,utig4-875-,utig4-874+,utig4-877+,utig4-1777+,utig4-1759-,utig4-1758+,utig4-1762+,utig4-1832+,utig4-1834+,utig4-2216-,utig4-782-,utig4-778-,utig4-779+,utig4-922-,utig4-924+,utig4-1047-,utig4-1048+,utig4-1981+,utig4-1169-,utig4-1168+,utig4-1160-,utig4-1158+,utig4-1162+,utig4-1185+,utig4-1186+,utig4-1991+,utig4-1992+,utig4-2274+,utig4-1891-,utig4-1890+,utig4-1060-,utig4-1056-,utig4-1058+,utig4-2228-,utig4-2229+,utig4-2346+,utig4-1019-,utig4-1015-,utig4-1017+,utig4-1916+,utig4-1086-,utig4-1082-,utig4-1084+,utig4-2498+,utig4-1107-,utig4-1105+,utig4-1108+,utig4-1171-,utig4-1173+,utig4-1862+,utig4-1863+
sire_compressed.k31.hapmer-0000672	NC_037331.1_chr_4	130366971.0	120000601.0			1.0		sire_compressed.k31.hapmer_from_utig4-1931	utig4-1957-,utig4-1958+,utig4-2025-,utig4-1908-,utig4-1904-,utig4-1906+,utig4-1929+,utig4-1931+,utig4-2261+,utig4-1802-,utig4-1801+,utig4-1670-,utig4-1668+,utig4-1001-,utig4-999+,utig4-1003+,utig4-2121-,utig4-828-,utig4-824-,utig4-825+,utig4-2113-,utig4-1435-,utig4-1431-,utig4-1433+,utig4-2499-,utig4-2191-,utig4-2189+,utig4-684-,utig4-683+,utig4-687+,utig4-2038+,utig4-2034-,utig4-2033-,utig4-1122-,utig4-1119-,utig4-1121+,utig4-1139+,utig4-951-,utig4-948-,utig4-950+,utig4-1962+,utig4-1964+,utig4-2154-,utig4-2155+
sire_compressed.k31.hapmer-0000673	NC_037333.1_chr_6	116304477.0	117806340.0			1.0	1.0	sire_compressed.k31.hapmer_from_utig4-1954	utig4-1711-,utig4-1710+,utig4-1714+,utig4-1772+,utig4-674-,utig4-673-,utig4-326-,utig4-322-,utig4-324+,utig4-327+,utig4-2420-,utig4-2087-,utig4-2085+,utig4-1477-,utig4-1474-,utig4-1475+,utig4-2477-,utig4-2479+,utig4-2513+,utig4-1791-,utig4-1790-,utig4-1080-,utig4-1077-,utig4-1079+,utig4-1743+,utig4-1113-,utig4-1110-,utig4-1112+,utig4-2140-,utig4-1678-,utig4-1677+,utig4-1680+,utig4-2108-,utig4-1786-,utig4-1784+,utig4-460-,utig4-458+,utig4-461+,utig4-1024-,utig4-437-,utig4-436+,utig4-440+,utig4-1821-,utig4-1327-,utig4-1326+,utig4-1283-,utig4-1282-,utig4-541-,utig4-539+,utig4-542+,utig4-1191-,utig4-1192+,utig4-1918+,utig4-1919+,utig4-2054-,utig4-1955-,utig4-1952-,utig4-1954+,utig4-2141+,utig4-1217-,utig4-1214-,utig4-1216+,utig4-2109-,utig4-1035-,utig4-1034+,utig4-1038+,utig4-1513-,utig4-1515+,utig4-1840-,utig4-1315-,[N648407N:tangle],utig4-1318+,utig4-1330+,utig4-1311-,utig4-1310+,utig4-649-,utig4-648+
sire_compressed.k31.hapmer-0000674						1.0		sire_compressed.k31.hapmer_from_utig4-1960	utig4-1960+
sire_compressed.k31.hapmer-0000675	NC_037348.1_chr_21	85614615.0	69862954.0		1.0	2.0	5.0	sire_compressed.k31.hapmer_from_utig4-1972	utig4-2381-,utig4-2380+,[N4196N:ambig_bubble],utig4-2241+,[N82033N:ambig_bubble],utig4-2287-,utig4-2289+,utig4-2313-,utig4-2315+,utig4-2384+,[N1000N:ambig_bubble],utig4-2461+,utig4-2441-,utig4-2440+,utig4-2344-,utig4-2341-,utig4-2343+,utig4-2398-,utig4-2396-,utig4-2393-,utig4-2395+,utig4-2405+,utig4-2350-,utig4-2348+,utig4-2351+,utig4-2387-,utig4-2389+,utig4-2459-,[N13728N:ambig_bubble],utig4-2408-,[N5000N:ambig_path],utig4-2107-,utig4-2106+,utig4-2009-,utig4-2008+,utig4-841-,utig4-840+,utig4-843+,utig4-1774+,utig4-1776+,utig4-2330-,utig4-1910-,utig4-1909+,utig4-1197-,utig4-1194-,utig4-1196+,utig4-2021-,utig4-1974-,utig4-1970-,utig4-1972+
sire_compressed.k31.hapmer-0000676	NC_037355.1_chr_28	61483000.0	45940150.0		1.0	2.0	1.0	sire_compressed.k31.hapmer_from_utig4-2061	utig4-2062-,utig4-2059-,utig4-2061+,[N5000N:ambig_path],utig4-1415+,utig4-1420+
sire_compressed.k31.hapmer-0000677	NC_037336.1_chr_9	118430909.0	105454467.0			1.0		sire_compressed.k31.hapmer_from_utig4-2112	utig4-1788+,utig4-1009-,utig4-1005-,utig4-1007+,utig4-1071-,utig4-1072+,utig4-1994-,utig4-1995+,utig4-2074-,utig4-1836-,utig4-1835+,utig4-1839+,utig4-2308-,utig4-2072-,utig4-2069-,utig4-2070+,utig4-2493-,utig4-1926-,utig4-1924+,utig4-1885-,utig4-1884+,utig4-1233-,utig4-1231+,utig4-1234+,utig4-1751-,utig4-946-,utig4-943-,utig4-944+,utig4-988+,utig4-692-,utig4-690+,utig4-694+,utig4-1699+,utig4-1700+,utig4-2486-,utig4-2057-,utig4-2056+,utig4-1065-,utig4-1061-,utig4-1063+,utig4-2110-,utig4-2112+,utig4-2437-,utig4-2433-
sire_compressed.k31.hapmer-0000678	NC_037341.1_chr_14	100607080.0	82403003.0	1.0	1.0	2.0		sire_compressed.k31.hapmer_from_utig4-2144	utig4-1787-,utig4-964-,utig4-963+,utig4-918-,utig4-917+,utig4-921+,utig4-2208+,utig4-1937-,utig4-1935+,utig4-1939+,utig4-1997+,utig4-1998+,utig4-2163-,utig4-472-,utig4-470+,utig4-473+,utig4-2153-,utig4-2152-,utig4-996-,utig4-994+,utig4-998+,utig4-1736+,utig4-1738+,utig4-1928+,utig4-1146-,utig4-1143-,utig4-1145+,utig4-1949-,utig4-1951+,utig4-2131-,utig4-2133+,utig4-2170+,utig4-1889-,utig4-1887-,utig4-932-,utig4-930+,utig4-933+,utig4-2399-,utig4-2147-,utig4-2143-,utig4-2144+,utig4-2418-
sire_compressed.k31.hapmer-0000679	NC_037345.1_chr_18	77888856.0	65820629.0	1.0	1.0	2.0		sire_compressed.k31.hapmer_from_utig4-2175	utig4-2175+,utig4-2194-,utig4-1229-,utig4-1227+,utig4-1230+,utig4-1748-,utig4-1747+,utig4-1750+,utig4-1927+,utig4-1190-,utig4-1188-,utig4-753-,utig4-751+,utig4-754+,utig4-1055-,utig4-333-,utig4-329-,utig4-330+,utig4-1913+,utig4-1915+
sire_compressed.k31.hapmer-0000680	NC_037351.1_chr_24	71180025.0	62317253.0			1.0	1.0	sire_compressed.k31.hapmer_from_utig4-2211	utig4-1606-,utig4-1608+,utig4-2212-,utig4-2214+,[N11814N:alt-utig4-2213],utig4-846-,utig4-845+,utig4-849+,utig4-2004-,utig4-1104-,utig4-1100-,utig4-1101+,utig4-1899-,utig4-1898+,utig4-1901+,utig4-1975-,utig4-1812-,utig4-1809-,utig4-1811+,utig4-2011+,utig4-357-,utig4-353-,utig4-354+,utig4-2209+,utig4-2211+
sire_compressed.k31.hapmer-0000681	NC_037328.1_chr_1	168720234.0	158534110.0	1.0	1.0	2.0		sire_compressed.k31.hapmer_from_utig4-2247	utig4-1628-,utig4-1626+,utig4-721-,utig4-719+,utig4-722+,utig4-2407-,utig4-1213-,utig4-1209-,utig4-1210+,utig4-1664-,utig4-633-,utig4-630-,utig4-631+,utig4-2307-,utig4-771-,utig4-767-,utig4-768+,utig4-2164-,utig4-973-,utig4-969-,utig4-970+,utig4-2185+,utig4-2091-,utig4-2089+,utig4-1922-,utig4-1921+,utig4-698-,utig4-695-,utig4-697+,utig4-1179-,utig4-880-,utig4-879+,utig4-882+,utig4-1688+,utig4-1689+,utig4-2457-,utig4-1849-,utig4-1848+,utig4-1851+,utig4-2374+,utig4-1861-,utig4-1859-,utig4-1456-,utig4-1454-,utig4-621-,utig4-617-,utig4-618+,utig4-2379+,utig4-2249-,utig4-2246-,utig4-2247+
sire_compressed.k31.hapmer-0000682	NC_037353.1_chr_26	58553890.0	51992305.0			1.0		sire_compressed.k31.hapmer_from_utig4-2376	utig4-605-,utig4-604+,utig4-289-,utig4-288+,utig4-292+,utig4-2217-,utig4-2219+,utig4-2375+,utig4-2376+
sire_compressed.k31.hapmer-0000683						1.0	1.0	sire_compressed.k31.hapmer_from_utig4-2392	utig4-2392+,[N855736N:tangle],utig4-818+
sire_compressed.k31.hapmer-0000684	NC_037334.1_chr_7	128125447.0	110682743.0			1.0	1.0	sire_compressed.k31.hapmer_from_utig4-287	utig4-1526-,utig4-1518-,[N5000N:ambig_path],utig4-417+,utig4-418+,utig4-2296-,utig4-1684-,utig4-1682-,utig4-747-,utig4-746+,utig4-749+,utig4-2197+,utig4-2199+,utig4-2447-,utig4-957-,utig4-953-,utig4-955+,utig4-2036+,utig4-1176-,utig4-1174+,utig4-1178+,utig4-1355+,utig4-1356+,utig4-2200+,utig4-1969-,utig4-1965-,utig4-1966+,utig4-2450-,utig4-1754-,utig4-1752-,utig4-1184-,utig4-1180-,utig4-1181+,utig4-2425-,utig4-1871-,utig4-1869+,utig4-284-,utig4-283+,utig4-287+
sire_compressed.k31.hapmer-0000685	NC_037350.1_chr_23	64365206.0	52498615.0	1.0	1.0	2.0		sire_compressed.k31.hapmer_from_utig4-492	utig4-1675-,utig4-1672-,utig4-1674+,utig4-2124-,utig4-2126+,utig4-2220-,utig4-860-,utig4-859+,utig4-862+,utig4-1917+,utig4-991-,utig4-989+,utig4-993+,utig4-2206-,utig4-494-,utig4-490-,utig4-492+
sire_compressed.k31.hapmer-0000686	NC_037354.1_chr_27	46398840.0	45612108.0			1.0		sire_compressed.k31.hapmer_from_utig4-548	utig4-1666-,utig4-1665-,utig4-1150-,utig4-1148+,utig4-1151+,utig4-58-,utig4-55-,utig4-56+,utig4-563-,utig4-565+,utig4-2221+,utig4-1687-,utig4-1685+,utig4-546-,utig4-545+,utig4-548+
sire_compressed.k31.hapmer-0000687								sire_compressed.k31.hapmer_from_utig4-557	utig4-556+,utig4-557+
sire_compressed.k31.hapmer-0000688								sire_compressed.k31.hapmer_from_utig4-643	utig4-643+
sire_compressed.k31.hapmer-0000689								sire_compressed.k31.hapmer_from_utig4-796	utig4-795-,utig4-796+
sire_compressed.k31.hapmer-0000690	NC_037346.1_chr_19	77399728.0	63449741.0	1.0	1.0	2.0		sire_compressed.k31.hapmer_from_utig4-868	utig4-2281-,utig4-2280+,utig4-1882-,utig4-1881-,utig4-1138-,utig4-1134-,utig4-1136+,utig4-1707+,utig4-1709+,utig4-2446+,utig4-1757-,utig4-1755-,utig4-179-,utig4-178+,utig4-181+,utig4-2451+,utig4-1221-,utig4-1219-,utig4-865-,utig4-864+,utig4-868+
sire_compressed.k31.hapmer-0000691	NC_037344.1_chr_17	87025295.0	73167244.0	1.0	1.0	2.0		sire_compressed.k31.hapmer_from_utig4-893	utig4-2167-,utig4-2165+,utig4-891-,utig4-889+,utig4-893+,utig4-1764-,utig4-1765+,utig4-2331-,utig4-2203-,utig4-2202+,utig4-2007-,utig4-2005+,utig4-1879-,utig4-1878-,utig4-1876-,utig4-1872-,utig4-1874+,utig4-2095+,utig4-2096+
sire_compressed.k31.hapmer-0000692						1.0		sire_compressed.k31.hapmer_from_utig4-901	utig4-897-,utig4-898+,utig4-901+
sire_compressed.k31.hapmer-0000693	NC_082638.1_chr_Y	63563732.0	59476289.0	1.0	1.0	2.0		sire_compressed.k31.hapmer_from_utig4-937	utig4-938-,utig4-935-,utig4-937+
sire_compressed.k31.hapmer-0000694	rDNA	70525.0	70526.0					sire_compressed.k31.hapmer_unused_utig4-100	utig4-100+
sire_compressed.k31.hapmer-0000695	rDNA	50144.0	50145.0					sire_compressed.k31.hapmer_unused_utig4-101	utig4-101+
sire_compressed.k31.hapmer-0000696	rDNA	69914.0	69915.0					sire_compressed.k31.hapmer_unused_utig4-102	utig4-102+
sire_compressed.k31.hapmer-0000697								sire_compressed.k31.hapmer_unused_utig4-1020	utig4-1020+
sire_compressed.k31.hapmer-0000698								sire_compressed.k31.hapmer_unused_utig4-1021	utig4-1021+
sire_compressed.k31.hapmer-0000699								sire_compressed.k31.hapmer_unused_utig4-1022	utig4-1022+
sire_compressed.k31.hapmer-0000701	rDNA	83381.0	83382.0					sire_compressed.k31.hapmer_unused_utig4-104	utig4-104+
sire_compressed.k31.hapmer-0000702	rDNA	89435.0	89436.0					sire_compressed.k31.hapmer_unused_utig4-105	utig4-105+
sire_compressed.k31.hapmer-0000703	rDNA	60500.0	60501.0					sire_compressed.k31.hapmer_unused_utig4-106	utig4-106+
sire_compressed.k31.hapmer-0000704	rDNA	91558.0	91559.0					sire_compressed.k31.hapmer_unused_utig4-107	utig4-107+
sire_compressed.k31.hapmer-0000705	rDNA	32969.0	32970.0					sire_compressed.k31.hapmer_unused_utig4-108	utig4-108+
sire_compressed.k31.hapmer-0000706	rDNA	61485.0	61486.0					sire_compressed.k31.hapmer_unused_utig4-109	utig4-109+
sire_compressed.k31.hapmer-0000707	rDNA	42078.0	42079.0					sire_compressed.k31.hapmer_unused_utig4-110	utig4-110+
sire_compressed.k31.hapmer-0000708	rDNA	51147.0	51148.0					sire_compressed.k31.hapmer_unused_utig4-111	utig4-111+
sire_compressed.k31.hapmer-0000709	rDNA	40433.0	40434.0					sire_compressed.k31.hapmer_unused_utig4-112	utig4-112+
sire_compressed.k31.hapmer-0000710	rDNA	102430.0	102431.0					sire_compressed.k31.hapmer_unused_utig4-113	utig4-113+
sire_compressed.k31.hapmer-0000711	rDNA	64844.0	64845.0					sire_compressed.k31.hapmer_unused_utig4-114	utig4-114+
sire_compressed.k31.hapmer-0000712	rDNA	70245.0	70246.0					sire_compressed.k31.hapmer_unused_utig4-115	utig4-115+
sire_compressed.k31.hapmer-0000713	rDNA	89290.0	89291.0					sire_compressed.k31.hapmer_unused_utig4-116	utig4-116+
sire_compressed.k31.hapmer-0000714	rDNA	93736.0	93737.0					sire_compressed.k31.hapmer_unused_utig4-117	utig4-117+
sire_compressed.k31.hapmer-0000715	rDNA	62993.0	62994.0					sire_compressed.k31.hapmer_unused_utig4-118	utig4-118+
sire_compressed.k31.hapmer-0000716	rDNA	50015.0	50016.0					sire_compressed.k31.hapmer_unused_utig4-121	utig4-121+
sire_compressed.k31.hapmer-0000717	rDNA	47230.0	47231.0					sire_compressed.k31.hapmer_unused_utig4-122	utig4-122+
sire_compressed.k31.hapmer-0000718	rDNA	65740.0	65741.0					sire_compressed.k31.hapmer_unused_utig4-123	utig4-123+
sire_compressed.k31.hapmer-0000719	rDNA	52296.0	52297.0					sire_compressed.k31.hapmer_unused_utig4-124	utig4-124+
sire_compressed.k31.hapmer-0000720	rDNA	11122.0	11123.0					sire_compressed.k31.hapmer_unused_utig4-1240	utig4-1240+
sire_compressed.k31.hapmer-0000721	rDNA	49224.0	49225.0					sire_compressed.k31.hapmer_unused_utig4-125	utig4-125+
sire_compressed.k31.hapmer-0000722	rDNA	54511.0	54512.0					sire_compressed.k31.hapmer_unused_utig4-1252	utig4-1252+
sire_compressed.k31.hapmer-0000723	rDNA	61487.0	61488.0					sire_compressed.k31.hapmer_unused_utig4-1253	utig4-1253+
sire_compressed.k31.hapmer-0000724	rDNA	62794.0	62795.0					sire_compressed.k31.hapmer_unused_utig4-1254	utig4-1254+
sire_compressed.k31.hapmer-0000725	rDNA	71572.0	71573.0					sire_compressed.k31.hapmer_unused_utig4-1255	utig4-1255+
sire_compressed.k31.hapmer-0000726	rDNA	84423.0	84424.0					sire_compressed.k31.hapmer_unused_utig4-1256	utig4-1256+
sire_compressed.k31.hapmer-0000727								sire_compressed.k31.hapmer_unused_utig4-1258	utig4-1258+
sire_compressed.k31.hapmer-0000728								sire_compressed.k31.hapmer_unused_utig4-1259	utig4-1259+
sire_compressed.k31.hapmer-0000729	rDNA	34320.0	34321.0					sire_compressed.k31.hapmer_unused_utig4-126	utig4-126+
sire_compressed.k31.hapmer-0000730								sire_compressed.k31.hapmer_unused_utig4-1260	utig4-1260+
sire_compressed.k31.hapmer-0000731								sire_compressed.k31.hapmer_unused_utig4-1261	utig4-1261+
sire_compressed.k31.hapmer-0000732	rDNA	56685.0	56686.0					sire_compressed.k31.hapmer_unused_utig4-127	utig4-127+
sire_compressed.k31.hapmer-0000733	rDNA	51637.0	51638.0					sire_compressed.k31.hapmer_unused_utig4-128	utig4-128+
sire_compressed.k31.hapmer-0000734	rDNA	138638.0	138639.0					sire_compressed.k31.hapmer_unused_utig4-1287	utig4-1287+
sire_compressed.k31.hapmer-0000735	rDNA	68271.0	68272.0					sire_compressed.k31.hapmer_unused_utig4-129	utig4-129+
sire_compressed.k31.hapmer-0000736	rDNA	26408.0	26409.0					sire_compressed.k31.hapmer_unused_utig4-130	utig4-130+
sire_compressed.k31.hapmer-0000737	rDNA	99777.0	99778.0					sire_compressed.k31.hapmer_unused_utig4-1302	utig4-1302+
sire_compressed.k31.hapmer-0000738	rDNA	50413.0	50414.0					sire_compressed.k31.hapmer_unused_utig4-131	utig4-131+
sire_compressed.k31.hapmer-0000739								sire_compressed.k31.hapmer_unused_utig4-1312	utig4-1312+
sire_compressed.k31.hapmer-0000740								sire_compressed.k31.hapmer_unused_utig4-1313	utig4-1313+
sire_compressed.k31.hapmer-0000741								sire_compressed.k31.hapmer_unused_utig4-1314	utig4-1314+
sire_compressed.k31.hapmer-0000742								sire_compressed.k31.hapmer_unused_utig4-1316	utig4-1316+
sire_compressed.k31.hapmer-0000743								sire_compressed.k31.hapmer_unused_utig4-1317	utig4-1317+
sire_compressed.k31.hapmer-0000744								sire_compressed.k31.hapmer_unused_utig4-1319	utig4-1319+
sire_compressed.k31.hapmer-0000745	rDNA	64467.0	64468.0					sire_compressed.k31.hapmer_unused_utig4-132	utig4-132+
sire_compressed.k31.hapmer-0000746								sire_compressed.k31.hapmer_unused_utig4-1320	utig4-1320+
sire_compressed.k31.hapmer-0000747	rDNA	29779.0	29780.0					sire_compressed.k31.hapmer_unused_utig4-133	utig4-133+
sire_compressed.k31.hapmer-0000748								sire_compressed.k31.hapmer_unused_utig4-1331	utig4-1331+
sire_compressed.k31.hapmer-0000749								sire_compressed.k31.hapmer_unused_utig4-1332	utig4-1332+
sire_compressed.k31.hapmer-0000750								sire_compressed.k31.hapmer_unused_utig4-1333	utig4-1333+
sire_compressed.k31.hapmer-0000751								sire_compressed.k31.hapmer_unused_utig4-1334	utig4-1334+
sire_compressed.k31.hapmer-0000752								sire_compressed.k31.hapmer_unused_utig4-1335	utig4-1335+
sire_compressed.k31.hapmer-0000753								sire_compressed.k31.hapmer_unused_utig4-1336	utig4-1336+
sire_compressed.k31.hapmer-0000754	rDNA	51766.0	51767.0					sire_compressed.k31.hapmer_unused_utig4-134	utig4-134+
sire_compressed.k31.hapmer-0000755								sire_compressed.k31.hapmer_unused_utig4-1340	utig4-1340+
sire_compressed.k31.hapmer-0000756								sire_compressed.k31.hapmer_unused_utig4-1341	utig4-1341+
sire_compressed.k31.hapmer-0000757								sire_compressed.k31.hapmer_unused_utig4-1342	utig4-1342+
sire_compressed.k31.hapmer-0000758								sire_compressed.k31.hapmer_unused_utig4-1343	utig4-1343+
sire_compressed.k31.hapmer-0000759								sire_compressed.k31.hapmer_unused_utig4-1344	utig4-1344+
sire_compressed.k31.hapmer-0000760								sire_compressed.k31.hapmer_unused_utig4-1349	utig4-1349+
sire_compressed.k31.hapmer-0000761	rDNA	49134.0	49135.0					sire_compressed.k31.hapmer_unused_utig4-135	utig4-135+
sire_compressed.k31.hapmer-0000762								sire_compressed.k31.hapmer_unused_utig4-1350	utig4-1350+
sire_compressed.k31.hapmer-0000763								sire_compressed.k31.hapmer_unused_utig4-1351	utig4-1351+
sire_compressed.k31.hapmer-0000764								sire_compressed.k31.hapmer_unused_utig4-1352	utig4-1352+
sire_compressed.k31.hapmer-0000765								sire_compressed.k31.hapmer_unused_utig4-1353	utig4-1353+
sire_compressed.k31.hapmer-0000766								sire_compressed.k31.hapmer_unused_utig4-1354	utig4-1354+
sire_compressed.k31.hapmer-0000767	rDNA	68549.0	68550.0					sire_compressed.k31.hapmer_unused_utig4-136	utig4-136+
sire_compressed.k31.hapmer-0000768	rDNA	47717.0	47718.0					sire_compressed.k31.hapmer_unused_utig4-1367	utig4-1367+
sire_compressed.k31.hapmer-0000769	rDNA	137319.0	137320.0					sire_compressed.k31.hapmer_unused_utig4-1368	utig4-1368+
sire_compressed.k31.hapmer-0000770	rDNA	86845.0	86846.0					sire_compressed.k31.hapmer_unused_utig4-1383	utig4-1383+
sire_compressed.k31.hapmer-0000771	rDNA	73684.0	73685.0					sire_compressed.k31.hapmer_unused_utig4-1384	utig4-1384+
sire_compressed.k31.hapmer-0000772	rDNA	59484.0	59485.0					sire_compressed.k31.hapmer_unused_utig4-1385	utig4-1385+
sire_compressed.k31.hapmer-0000773	rDNA	137948.0	137949.0					sire_compressed.k31.hapmer_unused_utig4-1398	utig4-1398+
sire_compressed.k31.hapmer-0000774	rDNA	74646.0	74647.0					sire_compressed.k31.hapmer_unused_utig4-1399	utig4-1399+
sire_compressed.k31.hapmer-0000775	rDNA	132298.0	132299.0					sire_compressed.k31.hapmer_unused_utig4-1403	utig4-1403+
sire_compressed.k31.hapmer-0000776	rDNA	41587.0	41588.0					sire_compressed.k31.hapmer_unused_utig4-1408	utig4-1408+
sire_compressed.k31.hapmer-0000777	rDNA	89919.0	89920.0					sire_compressed.k31.hapmer_unused_utig4-1411	utig4-1411+
sire_compressed.k31.hapmer-0000778								sire_compressed.k31.hapmer_unused_utig4-1416	utig4-1416+
sire_compressed.k31.hapmer-0000779								sire_compressed.k31.hapmer_unused_utig4-1417	utig4-1417+
sire_compressed.k31.hapmer-0000780								sire_compressed.k31.hapmer_unused_utig4-1418	utig4-1418+
sire_compressed.k31.hapmer-0000781								sire_compressed.k31.hapmer_unused_utig4-1419	utig4-1419+
sire_compressed.k31.hapmer-0000782								sire_compressed.k31.hapmer_unused_utig4-1421	utig4-1421+
sire_compressed.k31.hapmer-0000783								sire_compressed.k31.hapmer_unused_utig4-1444	utig4-1444+
sire_compressed.k31.hapmer-0000784								sire_compressed.k31.hapmer_unused_utig4-1445	utig4-1445+
sire_compressed.k31.hapmer-0000785								sire_compressed.k31.hapmer_unused_utig4-1446	utig4-1446+
sire_compressed.k31.hapmer-0000786								sire_compressed.k31.hapmer_unused_utig4-1447	utig4-1447+
sire_compressed.k31.hapmer-0000787								sire_compressed.k31.hapmer_unused_utig4-1448	utig4-1448+
sire_compressed.k31.hapmer-0000788								sire_compressed.k31.hapmer_unused_utig4-1449	utig4-1449+
sire_compressed.k31.hapmer-0000789								sire_compressed.k31.hapmer_unused_utig4-1450	utig4-1450+
sire_compressed.k31.hapmer-0000790								sire_compressed.k31.hapmer_unused_utig4-1451	utig4-1451+
sire_compressed.k31.hapmer-0000791								sire_compressed.k31.hapmer_unused_utig4-1457	utig4-1457+
sire_compressed.k31.hapmer-0000792								sire_compressed.k31.hapmer_unused_utig4-1458	utig4-1458+
sire_compressed.k31.hapmer-0000793								sire_compressed.k31.hapmer_unused_utig4-1459	utig4-1459+
sire_compressed.k31.hapmer-0000794								sire_compressed.k31.hapmer_unused_utig4-1460	utig4-1460+
sire_compressed.k31.hapmer-0000795								sire_compressed.k31.hapmer_unused_utig4-1461	utig4-1461+
sire_compressed.k31.hapmer-0000796								sire_compressed.k31.hapmer_unused_utig4-1462	utig4-1462+
sire_compressed.k31.hapmer-0000797								sire_compressed.k31.hapmer_unused_utig4-1463	utig4-1463+
sire_compressed.k31.hapmer-0000798								sire_compressed.k31.hapmer_unused_utig4-1464	utig4-1464+
sire_compressed.k31.hapmer-0000799								sire_compressed.k31.hapmer_unused_utig4-1465	utig4-1465+
sire_compressed.k31.hapmer-0000800								sire_compressed.k31.hapmer_unused_utig4-1466	utig4-1466+
sire_compressed.k31.hapmer-0000801								sire_compressed.k31.hapmer_unused_utig4-1496	utig4-1496+
sire_compressed.k31.hapmer-0000802								sire_compressed.k31.hapmer_unused_utig4-1504	utig4-1504+
sire_compressed.k31.hapmer-0000803								sire_compressed.k31.hapmer_unused_utig4-1505	utig4-1505+
sire_compressed.k31.hapmer-0000804								sire_compressed.k31.hapmer_unused_utig4-1519	utig4-1519+
sire_compressed.k31.hapmer-0000805								sire_compressed.k31.hapmer_unused_utig4-1520	utig4-1520+
sire_compressed.k31.hapmer-0000806								sire_compressed.k31.hapmer_unused_utig4-1521	utig4-1521+
sire_compressed.k31.hapmer-0000807								sire_compressed.k31.hapmer_unused_utig4-1522	utig4-1522+
sire_compressed.k31.hapmer-0000808								sire_compressed.k31.hapmer_unused_utig4-1523	utig4-1523+
sire_compressed.k31.hapmer-0000809								sire_compressed.k31.hapmer_unused_utig4-1524	utig4-1524+
sire_compressed.k31.hapmer-0000810								sire_compressed.k31.hapmer_unused_utig4-1525	utig4-1525+
sire_compressed.k31.hapmer-0000811								sire_compressed.k31.hapmer_unused_utig4-1527	utig4-1527+
sire_compressed.k31.hapmer-0000812								sire_compressed.k31.hapmer_unused_utig4-1528	utig4-1528+
sire_compressed.k31.hapmer-0000813								sire_compressed.k31.hapmer_unused_utig4-1529	utig4-1529+
sire_compressed.k31.hapmer-0000814								sire_compressed.k31.hapmer_unused_utig4-1530	utig4-1530+
sire_compressed.k31.hapmer-0000815								sire_compressed.k31.hapmer_unused_utig4-1531	utig4-1531+
sire_compressed.k31.hapmer-0000816								sire_compressed.k31.hapmer_unused_utig4-1560	utig4-1560+
sire_compressed.k31.hapmer-0000817								sire_compressed.k31.hapmer_unused_utig4-1561	utig4-1561+
sire_compressed.k31.hapmer-0000818	rDNA	95836.0	95837.0					sire_compressed.k31.hapmer_unused_utig4-159	utig4-159+
sire_compressed.k31.hapmer-0000819								sire_compressed.k31.hapmer_unused_utig4-1599	utig4-1599+
sire_compressed.k31.hapmer-0000820	rDNA	171771.0	171772.0					sire_compressed.k31.hapmer_unused_utig4-160	utig4-160+
sire_compressed.k31.hapmer-0000821								sire_compressed.k31.hapmer_unused_utig4-1600	utig4-1600+
sire_compressed.k31.hapmer-0000822								sire_compressed.k31.hapmer_unused_utig4-1601	utig4-1601+
sire_compressed.k31.hapmer-0000823								sire_compressed.k31.hapmer_unused_utig4-1602	utig4-1602+
sire_compressed.k31.hapmer-0000824								sire_compressed.k31.hapmer_unused_utig4-1603	utig4-1603+
sire_compressed.k31.hapmer-0000825								sire_compressed.k31.hapmer_unused_utig4-1604	utig4-1604+
sire_compressed.k31.hapmer-0000826								sire_compressed.k31.hapmer_unused_utig4-1605	utig4-1605+
sire_compressed.k31.hapmer-0000827	rDNA	183666.0	183667.0					sire_compressed.k31.hapmer_unused_utig4-161	utig4-161+
sire_compressed.k31.hapmer-0000828	rDNA	60302.0	60303.0					sire_compressed.k31.hapmer_unused_utig4-162	utig4-162+
sire_compressed.k31.hapmer-0000829								sire_compressed.k31.hapmer_unused_utig4-1624	utig4-1624+
sire_compressed.k31.hapmer-0000830								sire_compressed.k31.hapmer_unused_utig4-1625	utig4-1625+
sire_compressed.k31.hapmer-0000831								sire_compressed.k31.hapmer_unused_utig4-1629	utig4-1629+
sire_compressed.k31.hapmer-0000832	rDNA	156242.0	156243.0					sire_compressed.k31.hapmer_unused_utig4-163	utig4-163+
sire_compressed.k31.hapmer-0000833								sire_compressed.k31.hapmer_unused_utig4-1632	utig4-1632+
sire_compressed.k31.hapmer-0000834								sire_compressed.k31.hapmer_unused_utig4-1633	utig4-1633+
sire_compressed.k31.hapmer-0000835								sire_compressed.k31.hapmer_unused_utig4-1634	utig4-1634+
sire_compressed.k31.hapmer-0000836								sire_compressed.k31.hapmer_unused_utig4-1637	utig4-1637+
sire_compressed.k31.hapmer-0000837								sire_compressed.k31.hapmer_unused_utig4-1638	utig4-1638+
sire_compressed.k31.hapmer-0000839	rDNA	54741.0	54742.0					sire_compressed.k31.hapmer_unused_utig4-164	utig4-164+
sire_compressed.k31.hapmer-0000840								sire_compressed.k31.hapmer_unused_utig4-1640	utig4-1640+
sire_compressed.k31.hapmer-0000841								sire_compressed.k31.hapmer_unused_utig4-1641	utig4-1641+
sire_compressed.k31.hapmer-0000842								sire_compressed.k31.hapmer_unused_utig4-1642	utig4-1642+
sire_compressed.k31.hapmer-0000843								sire_compressed.k31.hapmer_unused_utig4-1643	utig4-1643+
sire_compressed.k31.hapmer-0000844								sire_compressed.k31.hapmer_unused_utig4-1644	utig4-1644+
sire_compressed.k31.hapmer-0000845	rDNA	92834.0	92835.0					sire_compressed.k31.hapmer_unused_utig4-192	utig4-192+
sire_compressed.k31.hapmer-0000846								sire_compressed.k31.hapmer_unused_utig4-1959	utig4-1959+
sire_compressed.k31.hapmer-0000847								sire_compressed.k31.hapmer_unused_utig4-1961	utig4-1961+
sire_compressed.k31.hapmer-0000848								sire_compressed.k31.hapmer_unused_utig4-2045	utig4-2045+
sire_compressed.k31.hapmer-0000849								sire_compressed.k31.hapmer_unused_utig4-2046	utig4-2046+
sire_compressed.k31.hapmer-0000850								sire_compressed.k31.hapmer_unused_utig4-2168	utig4-2168+
sire_compressed.k31.hapmer-0000851						1.0		sire_compressed.k31.hapmer_unused_utig4-2169	utig4-2169+
sire_compressed.k31.hapmer-0000852								sire_compressed.k31.hapmer_unused_utig4-2242	utig4-2242+
sire_compressed.k31.hapmer-0000853								sire_compressed.k31.hapmer_unused_utig4-2243	utig4-2243+
sire_compressed.k31.hapmer-0000854								sire_compressed.k31.hapmer_unused_utig4-2244	utig4-2244+
sire_compressed.k31.hapmer-0000855								sire_compressed.k31.hapmer_unused_utig4-2245	utig4-2245+
sire_compressed.k31.hapmer-0000856								sire_compressed.k31.hapmer_unused_utig4-2259	utig4-2259+
sire_compressed.k31.hapmer-0000857								sire_compressed.k31.hapmer_unused_utig4-2276	utig4-2276+
sire_compressed.k31.hapmer-0000858								sire_compressed.k31.hapmer_unused_utig4-2279	utig4-2279+
sire_compressed.k31.hapmer-0000859								sire_compressed.k31.hapmer_unused_utig4-2288	utig4-2288+
sire_compressed.k31.hapmer-0000860								sire_compressed.k31.hapmer_unused_utig4-2291	utig4-2291+
sire_compressed.k31.hapmer-0000861								sire_compressed.k31.hapmer_unused_utig4-2293	utig4-2293+
sire_compressed.k31.hapmer-0000862								sire_compressed.k31.hapmer_unused_utig4-2312	utig4-2312+
sire_compressed.k31.hapmer-0000863								sire_compressed.k31.hapmer_unused_utig4-2314	utig4-2314+
sire_compressed.k31.hapmer-0000864								sire_compressed.k31.hapmer_unused_utig4-2333	utig4-2333+
sire_compressed.k31.hapmer-0000865								sire_compressed.k31.hapmer_unused_utig4-2335	utig4-2335+
sire_compressed.k31.hapmer-0000866								sire_compressed.k31.hapmer_unused_utig4-2336	utig4-2336+
sire_compressed.k31.hapmer-0000867								sire_compressed.k31.hapmer_unused_utig4-2339	utig4-2339+
sire_compressed.k31.hapmer-0000868								sire_compressed.k31.hapmer_unused_utig4-2340	utig4-2340+
sire_compressed.k31.hapmer-0000869								sire_compressed.k31.hapmer_unused_utig4-2342	utig4-2342+
sire_compressed.k31.hapmer-0000870								sire_compressed.k31.hapmer_unused_utig4-2345	utig4-2345+
sire_compressed.k31.hapmer-0000871								sire_compressed.k31.hapmer_unused_utig4-2349	utig4-2349+
sire_compressed.k31.hapmer-0000872								sire_compressed.k31.hapmer_unused_utig4-2352	utig4-2352+
sire_compressed.k31.hapmer-0000873								sire_compressed.k31.hapmer_unused_utig4-2356	utig4-2356+
sire_compressed.k31.hapmer-0000874								sire_compressed.k31.hapmer_unused_utig4-2382	utig4-2382+
sire_compressed.k31.hapmer-0000875								sire_compressed.k31.hapmer_unused_utig4-2385	utig4-2385+
sire_compressed.k31.hapmer-0000876								sire_compressed.k31.hapmer_unused_utig4-2386	utig4-2386+
sire_compressed.k31.hapmer-0000877								sire_compressed.k31.hapmer_unused_utig4-2388	utig4-2388+
sire_compressed.k31.hapmer-0000878								sire_compressed.k31.hapmer_unused_utig4-2394	utig4-2394+
sire_compressed.k31.hapmer-0000879								sire_compressed.k31.hapmer_unused_utig4-2397	utig4-2397+
sire_compressed.k31.hapmer-0000880	rDNA	75100.0	75101.0					sire_compressed.k31.hapmer_unused_utig4-24	utig4-24+
sire_compressed.k31.hapmer-0000881	rDNA	97568.0	97569.0					sire_compressed.k31.hapmer_unused_utig4-240	utig4-240+
sire_compressed.k31.hapmer-0000882								sire_compressed.k31.hapmer_unused_utig4-2409	utig4-2409+
sire_compressed.k31.hapmer-0000883	rDNA	101421.0	101422.0					sire_compressed.k31.hapmer_unused_utig4-241	utig4-241+
sire_compressed.k31.hapmer-0000884								sire_compressed.k31.hapmer_unused_utig4-2410	utig4-2410+
sire_compressed.k31.hapmer-0000886								sire_compressed.k31.hapmer_unused_utig4-2415	utig4-2415+
sire_compressed.k31.hapmer-0000887								sire_compressed.k31.hapmer_unused_utig4-2416	utig4-2416+
sire_compressed.k31.hapmer-0000888								sire_compressed.k31.hapmer_unused_utig4-2417	utig4-2417+
sire_compressed.k31.hapmer-0000889	rDNA	170224.0	170225.0					sire_compressed.k31.hapmer_unused_utig4-242	utig4-242+
sire_compressed.k31.hapmer-0000890								sire_compressed.k31.hapmer_unused_utig4-2422	utig4-2422+
sire_compressed.k31.hapmer-0000891								sire_compressed.k31.hapmer_unused_utig4-2423	utig4-2423+
sire_compressed.k31.hapmer-0000892	rDNA	209106.0	209107.0					sire_compressed.k31.hapmer_unused_utig4-243	utig4-243+
sire_compressed.k31.hapmer-0000893	rDNA	105578.0	105579.0					sire_compressed.k31.hapmer_unused_utig4-244	utig4-244+
sire_compressed.k31.hapmer-0000894								sire_compressed.k31.hapmer_unused_utig4-2442	utig4-2442+
sire_compressed.k31.hapmer-0000895								sire_compressed.k31.hapmer_unused_utig4-2445	utig4-2445+
sire_compressed.k31.hapmer-0000896								sire_compressed.k31.hapmer_unused_utig4-2449	utig4-2449+
sire_compressed.k31.hapmer-0000897	rDNA	50836.0	50837.0					sire_compressed.k31.hapmer_unused_utig4-245	utig4-245+
sire_compressed.k31.hapmer-0000898								sire_compressed.k31.hapmer_unused_utig4-2453	utig4-2453+
sire_compressed.k31.hapmer-0000899	rDNA	63922.0	63923.0					sire_compressed.k31.hapmer_unused_utig4-246	utig4-246+
sire_compressed.k31.hapmer-0000900	rDNA	84298.0	84299.0					sire_compressed.k31.hapmer_unused_utig4-2467	utig4-2467+
sire_compressed.k31.hapmer-0000901	rDNA	89939.0	89940.0					sire_compressed.k31.hapmer_unused_utig4-247	utig4-247+
sire_compressed.k31.hapmer-0000902	rDNA	53675.0	53676.0					sire_compressed.k31.hapmer_unused_utig4-2471	utig4-2471+
sire_compressed.k31.hapmer-0000903	rDNA	121791.0	121792.0					sire_compressed.k31.hapmer_unused_utig4-2472	utig4-2472+
sire_compressed.k31.hapmer-0000904	rDNA	66442.0	66443.0					sire_compressed.k31.hapmer_unused_utig4-248	utig4-248+
sire_compressed.k31.hapmer-0000905	rDNA	76273.0	76274.0					sire_compressed.k31.hapmer_unused_utig4-249	utig4-249+
sire_compressed.k31.hapmer-0000907	rDNA	103824.0	103825.0					sire_compressed.k31.hapmer_unused_utig4-25	utig4-25+
sire_compressed.k31.hapmer-0000908	rDNA	57878.0	57879.0					sire_compressed.k31.hapmer_unused_utig4-250	utig4-250+
sire_compressed.k31.hapmer-0000909								sire_compressed.k31.hapmer_unused_utig4-2505	utig4-2505+
sire_compressed.k31.hapmer-0000910								sire_compressed.k31.hapmer_unused_utig4-2509	utig4-2509+
sire_compressed.k31.hapmer-0000911	rDNA	69177.0	69178.0					sire_compressed.k31.hapmer_unused_utig4-251	utig4-251+
sire_compressed.k31.hapmer-0000912	rDNA	101449.0	101450.0					sire_compressed.k31.hapmer_unused_utig4-252	utig4-252+
sire_compressed.k31.hapmer-0000914								sire_compressed.k31.hapmer_unused_utig4-2527	utig4-2527+
sire_compressed.k31.hapmer-0000915	rDNA	56346.0	56347.0					sire_compressed.k31.hapmer_unused_utig4-253	utig4-253+
sire_compressed.k31.hapmer-0000916	rDNA	88838.0	88839.0					sire_compressed.k31.hapmer_unused_utig4-254	utig4-254+
sire_compressed.k31.hapmer-0000917	rDNA	65308.0	65309.0					sire_compressed.k31.hapmer_unused_utig4-255	utig4-255+
sire_compressed.k31.hapmer-0000918	rDNA	100715.0	100716.0					sire_compressed.k31.hapmer_unused_utig4-256	utig4-256+
sire_compressed.k31.hapmer-0000919	rDNA	90761.0	90762.0					sire_compressed.k31.hapmer_unused_utig4-257	utig4-257+
sire_compressed.k31.hapmer-0000920	rDNA	124093.0	124094.0					sire_compressed.k31.hapmer_unused_utig4-258	utig4-258+
sire_compressed.k31.hapmer-0000921	rDNA	57676.0	57677.0					sire_compressed.k31.hapmer_unused_utig4-259	utig4-259+
sire_compressed.k31.hapmer-0000922	rDNA	54552.0	54553.0					sire_compressed.k31.hapmer_unused_utig4-26	utig4-26+
sire_compressed.k31.hapmer-0000923	rDNA	122589.0	122590.0					sire_compressed.k31.hapmer_unused_utig4-260	utig4-260+
sire_compressed.k31.hapmer-0000924	rDNA	87580.0	87581.0					sire_compressed.k31.hapmer_unused_utig4-261	utig4-261+
sire_compressed.k31.hapmer-0000925	rDNA	83298.0	83299.0					sire_compressed.k31.hapmer_unused_utig4-262	utig4-262+
sire_compressed.k31.hapmer-0000926	rDNA	78250.0	78251.0					sire_compressed.k31.hapmer_unused_utig4-263	utig4-263+
sire_compressed.k31.hapmer-0000927	rDNA	98267.0	98268.0					sire_compressed.k31.hapmer_unused_utig4-264	utig4-264+
sire_compressed.k31.hapmer-0000928	rDNA	88120.0	88121.0					sire_compressed.k31.hapmer_unused_utig4-265	utig4-265+
sire_compressed.k31.hapmer-0000929	rDNA	69016.0	69017.0					sire_compressed.k31.hapmer_unused_utig4-266	utig4-266+
sire_compressed.k31.hapmer-0000930	rDNA	75617.0	75618.0					sire_compressed.k31.hapmer_unused_utig4-267	utig4-267+
sire_compressed.k31.hapmer-0000931	rDNA	63312.0	63313.0					sire_compressed.k31.hapmer_unused_utig4-268	utig4-268+
sire_compressed.k31.hapmer-0000933	rDNA	116122.0	116123.0					sire_compressed.k31.hapmer_unused_utig4-270	utig4-270+
sire_compressed.k31.hapmer-0000934	rDNA	67466.0	67467.0					sire_compressed.k31.hapmer_unused_utig4-271	utig4-271+
sire_compressed.k31.hapmer-0000935	rDNA	60666.0	60667.0					sire_compressed.k31.hapmer_unused_utig4-272	utig4-272+
sire_compressed.k31.hapmer-0000936	rDNA	64626.0	64627.0					sire_compressed.k31.hapmer_unused_utig4-273	utig4-273+
sire_compressed.k31.hapmer-0000937	rDNA	67063.0	67064.0					sire_compressed.k31.hapmer_unused_utig4-274	utig4-274+
sire_compressed.k31.hapmer-0000938	rDNA	45067.0	45068.0					sire_compressed.k31.hapmer_unused_utig4-275	utig4-275+
sire_compressed.k31.hapmer-0000939	rDNA	62630.0	62631.0					sire_compressed.k31.hapmer_unused_utig4-276	utig4-276+
sire_compressed.k31.hapmer-0000940	rDNA	69695.0	69696.0					sire_compressed.k31.hapmer_unused_utig4-277	utig4-277+
sire_compressed.k31.hapmer-0000941	rDNA	40023.0	40024.0					sire_compressed.k31.hapmer_unused_utig4-278	utig4-278+
sire_compressed.k31.hapmer-0000942	rDNA	37426.0	37427.0					sire_compressed.k31.hapmer_unused_utig4-279	utig4-279+
sire_compressed.k31.hapmer-0000943	rDNA	166886.0	166887.0					sire_compressed.k31.hapmer_unused_utig4-28	utig4-28+
sire_compressed.k31.hapmer-0000944	rDNA	72075.0	72076.0					sire_compressed.k31.hapmer_unused_utig4-280	utig4-280+
sire_compressed.k31.hapmer-0000945	rDNA	77887.0	77888.0					sire_compressed.k31.hapmer_unused_utig4-281	utig4-281+
sire_compressed.k31.hapmer-0000946	rDNA	59993.0	59994.0					sire_compressed.k31.hapmer_unused_utig4-282	utig4-282+
sire_compressed.k31.hapmer-0000947	rDNA	110259.0	110260.0					sire_compressed.k31.hapmer_unused_utig4-29	utig4-29+
sire_compressed.k31.hapmer-0000949	rDNA	47389.0	47390.0					sire_compressed.k31.hapmer_unused_utig4-30	utig4-30+
sire_compressed.k31.hapmer-0000950	rDNA	81855.0	81856.0					sire_compressed.k31.hapmer_unused_utig4-32	utig4-32+
sire_compressed.k31.hapmer-0000951								sire_compressed.k31.hapmer_unused_utig4-328	utig4-328+
sire_compressed.k31.hapmer-0000952	rDNA	128743.0	128744.0					sire_compressed.k31.hapmer_unused_utig4-33	utig4-33+
sire_compressed.k31.hapmer-0000953								sire_compressed.k31.hapmer_unused_utig4-341	utig4-341+
sire_compressed.k31.hapmer-0000954								sire_compressed.k31.hapmer_unused_utig4-342	utig4-342+
sire_compressed.k31.hapmer-0000955								sire_compressed.k31.hapmer_unused_utig4-344	utig4-344+
sire_compressed.k31.hapmer-0000956								sire_compressed.k31.hapmer_unused_utig4-347	utig4-347+
sire_compressed.k31.hapmer-0000957								sire_compressed.k31.hapmer_unused_utig4-349	utig4-349+
sire_compressed.k31.hapmer-0000958								sire_compressed.k31.hapmer_unused_utig4-351	utig4-351+
sire_compressed.k31.hapmer-0000959	rDNA	78846.0	78847.0					sire_compressed.k31.hapmer_unused_utig4-36	utig4-36+
sire_compressed.k31.hapmer-0000960	rDNA	68750.0	68751.0					sire_compressed.k31.hapmer_unused_utig4-37	utig4-37+
sire_compressed.k31.hapmer-0000961								sire_compressed.k31.hapmer_unused_utig4-378	utig4-378+
sire_compressed.k31.hapmer-0000962								sire_compressed.k31.hapmer_unused_utig4-379	utig4-379+
sire_compressed.k31.hapmer-0000963	rDNA	54508.0	54509.0					sire_compressed.k31.hapmer_unused_utig4-382	utig4-382+
sire_compressed.k31.hapmer-0000964	rDNA	137189.0	137190.0					sire_compressed.k31.hapmer_unused_utig4-384	utig4-384+
sire_compressed.k31.hapmer-0000965	rDNA	73184.0	73185.0					sire_compressed.k31.hapmer_unused_utig4-385	utig4-385+
sire_compressed.k31.hapmer-0000966	rDNA	18066.0	18067.0					sire_compressed.k31.hapmer_unused_utig4-386	utig4-386+
sire_compressed.k31.hapmer-0000967	rDNA	81911.0	81912.0					sire_compressed.k31.hapmer_unused_utig4-387	utig4-387+
sire_compressed.k31.hapmer-0000968	rDNA	48534.0	48535.0					sire_compressed.k31.hapmer_unused_utig4-393	utig4-393+
sire_compressed.k31.hapmer-0000969	rDNA	91528.0	91529.0					sire_compressed.k31.hapmer_unused_utig4-394	utig4-394+
sire_compressed.k31.hapmer-0000970	rDNA	80186.0	80187.0					sire_compressed.k31.hapmer_unused_utig4-395	utig4-395+
sire_compressed.k31.hapmer-0000971	rDNA	101821.0	101822.0					sire_compressed.k31.hapmer_unused_utig4-396	utig4-396+
sire_compressed.k31.hapmer-0000972	rDNA	82463.0	82464.0					sire_compressed.k31.hapmer_unused_utig4-397	utig4-397+
sire_compressed.k31.hapmer-0000973	rDNA	187020.0	187021.0					sire_compressed.k31.hapmer_unused_utig4-398	utig4-398+
sire_compressed.k31.hapmer-0000974	rDNA	132801.0	132802.0					sire_compressed.k31.hapmer_unused_utig4-399	utig4-399+
sire_compressed.k31.hapmer-0000975	rDNA	43088.0	43089.0					sire_compressed.k31.hapmer_unused_utig4-400	utig4-400+
sire_compressed.k31.hapmer-0000976								sire_compressed.k31.hapmer_unused_utig4-415	utig4-415+
sire_compressed.k31.hapmer-0000978								sire_compressed.k31.hapmer_unused_utig4-419	utig4-419+
sire_compressed.k31.hapmer-0000979								sire_compressed.k31.hapmer_unused_utig4-420	utig4-420+
sire_compressed.k31.hapmer-0000980								sire_compressed.k31.hapmer_unused_utig4-421	utig4-421+
sire_compressed.k31.hapmer-0000981								sire_compressed.k31.hapmer_unused_utig4-422	utig4-422+
sire_compressed.k31.hapmer-0000982								sire_compressed.k31.hapmer_unused_utig4-423	utig4-423+
sire_compressed.k31.hapmer-0000983	rDNA	18733.0	18734.0					sire_compressed.k31.hapmer_unused_utig4-449	utig4-449+
sire_compressed.k31.hapmer-0000984	rDNA	23517.0	23518.0					sire_compressed.k31.hapmer_unused_utig4-450	utig4-450+
sire_compressed.k31.hapmer-0000985	rDNA	41228.0	41229.0					sire_compressed.k31.hapmer_unused_utig4-451	utig4-451+
sire_compressed.k31.hapmer-0000986	rDNA	251611.0	251612.0					sire_compressed.k31.hapmer_unused_utig4-452	utig4-452+
sire_compressed.k31.hapmer-0000987	rDNA	44059.0	44060.0					sire_compressed.k31.hapmer_unused_utig4-453	utig4-453+
sire_compressed.k31.hapmer-0000988	rDNA	78075.0	78076.0					sire_compressed.k31.hapmer_unused_utig4-454	utig4-454+
sire_compressed.k31.hapmer-0000989								sire_compressed.k31.hapmer_unused_utig4-463	utig4-463+
sire_compressed.k31.hapmer-0000990	rDNA	57907.0	57908.0					sire_compressed.k31.hapmer_unused_utig4-47	utig4-47+
sire_compressed.k31.hapmer-0000991	rDNA	55273.0	55274.0					sire_compressed.k31.hapmer_unused_utig4-479	utig4-479+
sire_compressed.k31.hapmer-0000992								sire_compressed.k31.hapmer_unused_utig4-485	utig4-485+
sire_compressed.k31.hapmer-0000993								sire_compressed.k31.hapmer_unused_utig4-486	utig4-486+
sire_compressed.k31.hapmer-0000994								sire_compressed.k31.hapmer_unused_utig4-487	utig4-487+
sire_compressed.k31.hapmer-0000995								sire_compressed.k31.hapmer_unused_utig4-509	utig4-509+
sire_compressed.k31.hapmer-0000996	rDNA	44290.0	44291.0					sire_compressed.k31.hapmer_unused_utig4-513	utig4-513+
sire_compressed.k31.hapmer-0000997	rDNA	52849.0	52850.0					sire_compressed.k31.hapmer_unused_utig4-514	utig4-514+
sire_compressed.k31.hapmer-0000998	rDNA	63897.0	63898.0					sire_compressed.k31.hapmer_unused_utig4-515	utig4-515+
sire_compressed.k31.hapmer-0000999						1.0		sire_compressed.k31.hapmer_unused_utig4-516	utig4-516+
sire_compressed.k31.hapmer-0001000	rDNA	56430.0	56431.0					sire_compressed.k31.hapmer_unused_utig4-53	utig4-53+
sire_compressed.k31.hapmer-0001001	rDNA	65552.0	65553.0					sire_compressed.k31.hapmer_unused_utig4-531	utig4-531+
sire_compressed.k31.hapmer-0001002	rDNA	35188.0	35189.0					sire_compressed.k31.hapmer_unused_utig4-532	utig4-532+
sire_compressed.k31.hapmer-0001003	rDNA	201528.0	201529.0					sire_compressed.k31.hapmer_unused_utig4-533	utig4-533+
sire_compressed.k31.hapmer-0001004	rDNA	156926.0	156927.0					sire_compressed.k31.hapmer_unused_utig4-534	utig4-534+
sire_compressed.k31.hapmer-0001005	rDNA	132556.0	132557.0					sire_compressed.k31.hapmer_unused_utig4-535	utig4-535+
sire_compressed.k31.hapmer-0001006								sire_compressed.k31.hapmer_unused_utig4-570	utig4-570+
sire_compressed.k31.hapmer-0001007								sire_compressed.k31.hapmer_unused_utig4-571	utig4-571+
sire_compressed.k31.hapmer-0001008								sire_compressed.k31.hapmer_unused_utig4-572	utig4-572+
sire_compressed.k31.hapmer-0001009								sire_compressed.k31.hapmer_unused_utig4-573	utig4-573+
sire_compressed.k31.hapmer-0001010								sire_compressed.k31.hapmer_unused_utig4-574	utig4-574+
sire_compressed.k31.hapmer-0001011								sire_compressed.k31.hapmer_unused_utig4-575	utig4-575+
sire_compressed.k31.hapmer-0001012								sire_compressed.k31.hapmer_unused_utig4-576	utig4-576+
sire_compressed.k31.hapmer-0001013								sire_compressed.k31.hapmer_unused_utig4-577	utig4-577+
sire_compressed.k31.hapmer-0001014								sire_compressed.k31.hapmer_unused_utig4-578	utig4-578+
sire_compressed.k31.hapmer-0001015	rDNA	65639.0	65640.0					sire_compressed.k31.hapmer_unused_utig4-60	utig4-60+
sire_compressed.k31.hapmer-0001016								sire_compressed.k31.hapmer_unused_utig4-627	utig4-627+
sire_compressed.k31.hapmer-0001017								sire_compressed.k31.hapmer_unused_utig4-628	utig4-628+
sire_compressed.k31.hapmer-0001018								sire_compressed.k31.hapmer_unused_utig4-629	utig4-629+
sire_compressed.k31.hapmer-0001019								sire_compressed.k31.hapmer_unused_utig4-641	utig4-641+
sire_compressed.k31.hapmer-0001020								sire_compressed.k31.hapmer_unused_utig4-642	utig4-642+
sire_compressed.k31.hapmer-0001021								sire_compressed.k31.hapmer_unused_utig4-644	utig4-644+
sire_compressed.k31.hapmer-0001022								sire_compressed.k31.hapmer_unused_utig4-645	utig4-645+
sire_compressed.k31.hapmer-0001023								sire_compressed.k31.hapmer_unused_utig4-650	utig4-650+
sire_compressed.k31.hapmer-0001024	rDNA	47488.0	47489.0					sire_compressed.k31.hapmer_unused_utig4-655	utig4-655+
sire_compressed.k31.hapmer-0001025								sire_compressed.k31.hapmer_unused_utig4-659	utig4-659+
sire_compressed.k31.hapmer-0001026								sire_compressed.k31.hapmer_unused_utig4-662	utig4-662+
sire_compressed.k31.hapmer-0001027								sire_compressed.k31.hapmer_unused_utig4-663	utig4-663+
sire_compressed.k31.hapmer-0001028								sire_compressed.k31.hapmer_unused_utig4-664	utig4-664+
sire_compressed.k31.hapmer-0001029								sire_compressed.k31.hapmer_unused_utig4-665	utig4-665+
sire_compressed.k31.hapmer-0001030								sire_compressed.k31.hapmer_unused_utig4-666	utig4-666+
sire_compressed.k31.hapmer-0001031								sire_compressed.k31.hapmer_unused_utig4-667	utig4-667+
sire_compressed.k31.hapmer-0001032								sire_compressed.k31.hapmer_unused_utig4-668	utig4-668+
sire_compressed.k31.hapmer-0001034								sire_compressed.k31.hapmer_unused_utig4-677	utig4-677+
sire_compressed.k31.hapmer-0001035								sire_compressed.k31.hapmer_unused_utig4-731	utig4-731+
sire_compressed.k31.hapmer-0001036								sire_compressed.k31.hapmer_unused_utig4-732	utig4-732+
sire_compressed.k31.hapmer-0001037								sire_compressed.k31.hapmer_unused_utig4-733	utig4-733+
sire_compressed.k31.hapmer-0001038								sire_compressed.k31.hapmer_unused_utig4-734	utig4-734+
sire_compressed.k31.hapmer-0001039								sire_compressed.k31.hapmer_unused_utig4-735	utig4-735+
sire_compressed.k31.hapmer-0001040								sire_compressed.k31.hapmer_unused_utig4-736	utig4-736+
sire_compressed.k31.hapmer-0001041								sire_compressed.k31.hapmer_unused_utig4-737	utig4-737+
sire_compressed.k31.hapmer-0001042								sire_compressed.k31.hapmer_unused_utig4-738	utig4-738+
sire_compressed.k31.hapmer-0001043								sire_compressed.k31.hapmer_unused_utig4-739	utig4-739+
sire_compressed.k31.hapmer-0001044								sire_compressed.k31.hapmer_unused_utig4-740	utig4-740+
sire_compressed.k31.hapmer-0001045								sire_compressed.k31.hapmer_unused_utig4-77	utig4-77+
sire_compressed.k31.hapmer-0001046								sire_compressed.k31.hapmer_unused_utig4-78	utig4-78+
sire_compressed.k31.hapmer-0001047	rDNA	92760.0	92761.0					sire_compressed.k31.hapmer_unused_utig4-785	utig4-785+
sire_compressed.k31.hapmer-0001048	rDNA	68528.0	68529.0					sire_compressed.k31.hapmer_unused_utig4-787	utig4-787+
sire_compressed.k31.hapmer-0001049	rDNA	62726.0	62727.0					sire_compressed.k31.hapmer_unused_utig4-790	utig4-790+
sire_compressed.k31.hapmer-0001050	rDNA	58938.0	58939.0					sire_compressed.k31.hapmer_unused_utig4-792	utig4-792+
sire_compressed.k31.hapmer-0001051	rDNA	56764.0	56765.0					sire_compressed.k31.hapmer_unused_utig4-793	utig4-793+
sire_compressed.k31.hapmer-0001052	rDNA	54094.0	54095.0					sire_compressed.k31.hapmer_unused_utig4-794	utig4-794+
sire_compressed.k31.hapmer-0001053								sire_compressed.k31.hapmer_unused_utig4-814	utig4-814+
sire_compressed.k31.hapmer-0001054								sire_compressed.k31.hapmer_unused_utig4-815	utig4-815+
sire_compressed.k31.hapmer-0001055								sire_compressed.k31.hapmer_unused_utig4-816	utig4-816+
sire_compressed.k31.hapmer-0001056								sire_compressed.k31.hapmer_unused_utig4-817	utig4-817+
sire_compressed.k31.hapmer-0001057	rDNA	116653.0	116654.0					sire_compressed.k31.hapmer_unused_utig4-82	utig4-82+
sire_compressed.k31.hapmer-0001058	rDNA	100576.0	100577.0					sire_compressed.k31.hapmer_unused_utig4-83	utig4-83+
sire_compressed.k31.hapmer-0001059	rDNA	52889.0	52890.0					sire_compressed.k31.hapmer_unused_utig4-84	utig4-84+
sire_compressed.k31.hapmer-0001060	rDNA	80046.0	80047.0					sire_compressed.k31.hapmer_unused_utig4-85	utig4-85+
sire_compressed.k31.hapmer-0001061	rDNA	86482.0	86483.0					sire_compressed.k31.hapmer_unused_utig4-86	utig4-86+
sire_compressed.k31.hapmer-0001062	rDNA	48203.0	48204.0					sire_compressed.k31.hapmer_unused_utig4-87	utig4-87+
sire_compressed.k31.hapmer-0001063	rDNA	73290.0	73291.0					sire_compressed.k31.hapmer_unused_utig4-88	utig4-88+
sire_compressed.k31.hapmer-0001064	rDNA	51633.0	51634.0					sire_compressed.k31.hapmer_unused_utig4-89	utig4-89+
sire_compressed.k31.hapmer-0001065								sire_compressed.k31.hapmer_unused_utig4-899	utig4-899+
sire_compressed.k31.hapmer-0001066	rDNA	49108.0	49109.0					sire_compressed.k31.hapmer_unused_utig4-90	utig4-90+
sire_compressed.k31.hapmer-0001067								sire_compressed.k31.hapmer_unused_utig4-900	utig4-900+
sire_compressed.k31.hapmer-0001068	rDNA	17723.0	17724.0					sire_compressed.k31.hapmer_unused_utig4-91	utig4-91+
sire_compressed.k31.hapmer-0001069	rDNA	65644.0	65645.0					sire_compressed.k31.hapmer_unused_utig4-92	utig4-92+
sire_compressed.k31.hapmer-0001070	rDNA	49641.0	49642.0					sire_compressed.k31.hapmer_unused_utig4-94	utig4-94+
sire_compressed.k31.hapmer-0001071	rDNA	41152.0	41153.0					sire_compressed.k31.hapmer_unused_utig4-95	utig4-95+
sire_compressed.k31.hapmer-0001072	rDNA	49216.0	49217.0					sire_compressed.k31.hapmer_unused_utig4-96	utig4-96+
sire_compressed.k31.hapmer-0001073	rDNA	60769.0	60770.0					sire_compressed.k31.hapmer_unused_utig4-97	utig4-97+
sire_compressed.k31.hapmer-0001074	rDNA	39976.0	39977.0					sire_compressed.k31.hapmer_unused_utig4-98	utig4-98+
sire_compressed.k31.hapmer-0001075	rDNA	58998.0	58999.0					sire_compressed.k31.hapmer_unused_utig4-99	utig4-99+
unassigned-0000434								na_unused_utig4-1004	utig4-1004+
unassigned-0000435								na_unused_utig4-1023	utig4-1023+
unassigned-0000436	rDNA	48207.0	48208.0					na_unused_utig4-1241	utig4-1241+
unassigned-0000437	rDNA	109027.0	109028.0					na_unused_utig4-1242	utig4-1242+
unassigned-0000438	rDNA	95291.0	95292.0					na_unused_utig4-1243	utig4-1243+
unassigned-0000439	rDNA	24038.0	24039.0					na_unused_utig4-1245	utig4-1245+
unassigned-0000440	rDNA	69681.0	69682.0					na_unused_utig4-1246	utig4-1246+
unassigned-0000441	rDNA	53800.0	53801.0					na_unused_utig4-1247	utig4-1247+
unassigned-0000442	rDNA	64149.0	64150.0					na_unused_utig4-1249	utig4-1249+
unassigned-0000443	rDNA	49656.0	49657.0					na_unused_utig4-1250	utig4-1250+
unassigned-0000444	rDNA	22186.0	22187.0					na_unused_utig4-1251	utig4-1251+
unassigned-0000445	rDNA	30681.0	30682.0					na_unused_utig4-1257	utig4-1257+
unassigned-0000446	rDNA	60757.0	60758.0					na_unused_utig4-1285	utig4-1285+
unassigned-0000447	rDNA	74883.0	74884.0					na_unused_utig4-1286	utig4-1286+
unassigned-0000448	rDNA	73014.0	73015.0					na_unused_utig4-1288	utig4-1288+
unassigned-0000449	rDNA	42508.0	42509.0					na_unused_utig4-1289	utig4-1289+
unassigned-0000450	rDNA	60370.0	60371.0					na_unused_utig4-1290	utig4-1290+
unassigned-0000451	rDNA	62636.0	62637.0					na_unused_utig4-1291	utig4-1291+
unassigned-0000452	rDNA	74353.0	74354.0					na_unused_utig4-1292	utig4-1292+
unassigned-0000453	rDNA	74160.0	74161.0					na_unused_utig4-1293	utig4-1293+
unassigned-0000454	rDNA	61792.0	61793.0					na_unused_utig4-1294	utig4-1294+
unassigned-0000455	rDNA	77519.0	77520.0					na_unused_utig4-1295	utig4-1295+
unassigned-0000456	rDNA	97902.0	97903.0					na_unused_utig4-1296	utig4-1296+
unassigned-0000457	rDNA	68930.0	68931.0					na_unused_utig4-1297	utig4-1297+
unassigned-0000458	rDNA	45220.0	45221.0					na_unused_utig4-1298	utig4-1298+
unassigned-0000459	rDNA	46881.0	46882.0					na_unused_utig4-1299	utig4-1299+
unassigned-0000460	rDNA	41164.0	41165.0					na_unused_utig4-1300	utig4-1300+
unassigned-0000461	rDNA	110361.0	110362.0					na_unused_utig4-1301	utig4-1301+
unassigned-0000462	rDNA	67628.0	67629.0					na_unused_utig4-1303	utig4-1303+
unassigned-0000463	rDNA	32659.0	32660.0					na_unused_utig4-1305	utig4-1305+
unassigned-0000464	rDNA	101267.0	101268.0					na_unused_utig4-1307	utig4-1307+
unassigned-0000465	rDNA	132436.0	132437.0					na_unused_utig4-1308	utig4-1308+
unassigned-0000466	rDNA	78575.0	78576.0					na_unused_utig4-1309	utig4-1309+
unassigned-0000467								na_unused_utig4-1329	utig4-1329+
unassigned-0000469	rDNA	14844.0	14845.0					na_unused_utig4-1365	utig4-1365+
unassigned-0000470								na_unused_utig4-1366	utig4-1366+
unassigned-0000472	rDNA	118529.0	118530.0					na_unused_utig4-1387	utig4-1387+
unassigned-0000473	rDNA	77822.0	77823.0					na_unused_utig4-1389	utig4-1389+
unassigned-0000474	rDNA	90294.0	90295.0					na_unused_utig4-1390	utig4-1390+
unassigned-0000475	rDNA	93949.0	93950.0					na_unused_utig4-1391	utig4-1391+
unassigned-0000476	rDNA	97741.0	97742.0					na_unused_utig4-1392	utig4-1392+
unassigned-0000477	rDNA	89076.0	89077.0					na_unused_utig4-1393	utig4-1393+
unassigned-0000478	rDNA	59695.0	59696.0					na_unused_utig4-1394	utig4-1394+
unassigned-0000479	rDNA	53591.0	53592.0					na_unused_utig4-1395	utig4-1395+
unassigned-0000480	rDNA	72178.0	72179.0					na_unused_utig4-1396	utig4-1396+
unassigned-0000481	rDNA	81034.0	81035.0					na_unused_utig4-1397	utig4-1397+
unassigned-0000482	rDNA	31180.0	31181.0					na_unused_utig4-1400	utig4-1400+
unassigned-0000483	rDNA	46106.0	46107.0					na_unused_utig4-1401	utig4-1401+
unassigned-0000484	rDNA	97819.0	97820.0					na_unused_utig4-1402	utig4-1402+
unassigned-0000485	rDNA	101320.0	101321.0					na_unused_utig4-1405	utig4-1405+
unassigned-0000486	rDNA	34811.0	34812.0					na_unused_utig4-1406	utig4-1406+
unassigned-0000487	rDNA	93117.0	93118.0					na_unused_utig4-1407	utig4-1407+
unassigned-0000488	rDNA	59584.0	59585.0					na_unused_utig4-1409	utig4-1409+
unassigned-0000489	rDNA	58844.0	58845.0					na_unused_utig4-1410	utig4-1410+
unassigned-0000491	rDNA	81665.0	81666.0					na_unused_utig4-1414	utig4-1414+
unassigned-0000492								na_unused_utig4-145	utig4-145+
unassigned-0000494								na_unused_utig4-1502	utig4-1502+
unassigned-0000495								na_unused_utig4-1503	utig4-1503+
unassigned-0000496								na_unused_utig4-152	utig4-152+
unassigned-0000497	rDNA	67827.0	67828.0					na_unused_utig4-153	utig4-153+
unassigned-0000498	rDNA	51680.0	51681.0					na_unused_utig4-154	utig4-154+
unassigned-0000499	rDNA	40214.0	40215.0					na_unused_utig4-155	utig4-155+
unassigned-0000500	rDNA	73422.0	73423.0					na_unused_utig4-156	utig4-156+
unassigned-0000501	rDNA	57800.0	57801.0					na_unused_utig4-157	utig4-157+
unassigned-0000502	rDNA	47372.0	47373.0					na_unused_utig4-158	utig4-158+
unassigned-0000503								na_unused_utig4-1591	utig4-1591+
unassigned-0000504								na_unused_utig4-1592	utig4-1592+
unassigned-0000505								na_unused_utig4-1593	utig4-1593+
unassigned-0000506						1.0		na_unused_utig4-1609	utig4-1609+
unassigned-0000507						1.0		na_unused_utig4-1610	utig4-1610+
unassigned-0000509	rDNA	50346.0	50347.0					na_unused_utig4-169	utig4-169+
unassigned-0000511	rDNA	44362.0	44363.0					na_unused_utig4-171	utig4-171+
unassigned-0000512	rDNA	12581.0	12582.0					na_unused_utig4-173	utig4-173+
unassigned-0000513	rDNA	71438.0	71439.0					na_unused_utig4-174	utig4-174+
unassigned-0000514	rDNA	37302.0	37303.0					na_unused_utig4-175	utig4-175+
unassigned-0000515	rDNA	38075.0	38076.0					na_unused_utig4-176	utig4-176+
unassigned-0000516	rDNA	41893.0	41894.0					na_unused_utig4-177	utig4-177+
unassigned-0000517	rDNA	39161.0	39162.0					na_unused_utig4-183	utig4-183+
unassigned-0000518	rDNA	51429.0	51430.0					na_unused_utig4-184	utig4-184+
unassigned-0000519	rDNA	22814.0	22815.0					na_unused_utig4-185	utig4-185+
unassigned-0000520	rDNA	15969.0	15970.0					na_unused_utig4-186	utig4-186+
unassigned-0000521	rDNA	14603.0	14604.0					na_unused_utig4-187	utig4-187+
unassigned-0000522	rDNA	52551.0	52552.0					na_unused_utig4-188	utig4-188+
unassigned-0000523	rDNA	84722.0	84723.0					na_unused_utig4-189	utig4-189+
unassigned-0000524	rDNA	55994.0	55995.0					na_unused_utig4-190	utig4-190+
unassigned-0000525	rDNA	117933.0	117934.0					na_unused_utig4-191	utig4-191+
unassigned-0000526	rDNA	59437.0	59438.0					na_unused_utig4-193	utig4-193+
unassigned-0000527								na_unused_utig4-1977	utig4-1977+
unassigned-0000528	rDNA	30347.0	30348.0					na_unused_utig4-204	utig4-204+
unassigned-0000529	rDNA	30454.0	30455.0					na_unused_utig4-205	utig4-205+
unassigned-0000530								na_unused_utig4-2092	utig4-2092+
unassigned-0000531								na_unused_utig4-2093	utig4-2093+
unassigned-0000532								na_unused_utig4-2192	utig4-2192+
unassigned-0000533								na_unused_utig4-22	utig4-22+
unassigned-0000534								na_unused_utig4-2253	utig4-2253+
unassigned-0000535								na_unused_utig4-2265	utig4-2265+
unassigned-0000537								na_unused_utig4-2300	utig4-2300+
unassigned-0000538								na_unused_utig4-2302	utig4-2302+
unassigned-0000539								na_unused_utig4-2303	utig4-2303+
unassigned-0000540								na_unused_utig4-2322	utig4-2322+
unassigned-0000541								na_unused_utig4-2324	utig4-2324+
unassigned-0000542								na_unused_utig4-237	utig4-237+
unassigned-0000543								na_unused_utig4-238	utig4-238+
unassigned-0000544								na_unused_utig4-239	utig4-239+
unassigned-0000545								na_unused_utig4-2426	utig4-2426+
unassigned-0000546								na_unused_utig4-2427	utig4-2427+
unassigned-0000547								na_unused_utig4-2428	utig4-2428+
unassigned-0000548								na_unused_utig4-2429	utig4-2429+
unassigned-0000549								na_unused_utig4-2430	utig4-2430+
unassigned-0000550								na_unused_utig4-2431	utig4-2431+
unassigned-0000551								na_unused_utig4-2432	utig4-2432+
unassigned-0000552								na_unused_utig4-2434	utig4-2434+
unassigned-0000553								na_unused_utig4-2435	utig4-2435+
unassigned-0000554								na_unused_utig4-2438	utig4-2438+
unassigned-0000555	rDNA	11104.0	11105.0					na_unused_utig4-2468	utig4-2468+
unassigned-0000556	rDNA	53994.0	53995.0					na_unused_utig4-2469	utig4-2469+
unassigned-0000557	rDNA	54719.0	54720.0					na_unused_utig4-2470	utig4-2470+
unassigned-0000558								na_unused_utig4-2494	utig4-2494+
unassigned-0000559								na_unused_utig4-2496	utig4-2496+
unassigned-0000560	rDNA	22578.0	22579.0					na_unused_utig4-2500	utig4-2500+
unassigned-0000561	rDNA	32954.0	32955.0					na_unused_utig4-2507	utig4-2507+
unassigned-0000562	rDNA	50402.0	50403.0					na_unused_utig4-2508	utig4-2508+
unassigned-0000563	rDNA	37840.0	37841.0					na_unused_utig4-2522	utig4-2522+
unassigned-0000564	rDNA	20896.0	20897.0					na_unused_utig4-2528	utig4-2528+
unassigned-0000565	rDNA	49267.0	49268.0					na_unused_utig4-27	utig4-27+
unassigned-0000567								na_unused_utig4-300	utig4-300+
unassigned-0000568	rDNA	23094.0	23095.0					na_unused_utig4-301	utig4-301+
unassigned-0000569	rDNA	24052.0	24053.0					na_unused_utig4-302	utig4-302+
unassigned-0000570	rDNA	65444.0	65445.0					na_unused_utig4-31	utig4-31+
unassigned-0000571	rDNA	34666.0	34667.0					na_unused_utig4-334	utig4-334+
unassigned-0000572	rDNA	54073.0	54074.0					na_unused_utig4-34	utig4-34+
unassigned-0000573	rDNA	24421.0	24422.0					na_unused_utig4-340	utig4-340+
unassigned-0000574	rDNA	57758.0	57759.0					na_unused_utig4-35	utig4-35+
unassigned-0000575	rDNA	73814.0	73815.0					na_unused_utig4-352	utig4-352+
unassigned-0000576	rDNA	60103.0	60104.0					na_unused_utig4-38	utig4-38+
unassigned-0000577	rDNA	20891.0	20892.0					na_unused_utig4-383	utig4-383+
unassigned-0000578	rDNA	61294.0	61295.0					na_unused_utig4-39	utig4-39+
unassigned-0000579	rDNA	65499.0	65500.0					na_unused_utig4-40	utig4-40+
unassigned-0000580	rDNA	23616.0	23617.0					na_unused_utig4-401	utig4-401+
unassigned-0000581	rDNA	26175.0	26176.0					na_unused_utig4-403	utig4-403+
unassigned-0000582	rDNA	26326.0	26327.0					na_unused_utig4-405	utig4-405+
unassigned-0000583	rDNA	59783.0	59784.0					na_unused_utig4-41	utig4-41+
unassigned-0000584	rDNA	26201.0	26202.0					na_unused_utig4-413	utig4-413+
unassigned-0000586	rDNA	20222.0	20223.0					na_unused_utig4-425	utig4-425+
unassigned-0000587	rDNA	17662.0	17663.0					na_unused_utig4-426	utig4-426+
unassigned-0000588	rDNA	33731.0	33732.0					na_unused_utig4-427	utig4-427+
unassigned-0000589	rDNA	21408.0	21409.0					na_unused_utig4-428	utig4-428+
unassigned-0000590	rDNA	36600.0	36601.0					na_unused_utig4-43	utig4-43+
unassigned-0000591								na_unused_utig4-434	utig4-434+
unassigned-0000592	rDNA	52391.0	52392.0					na_unused_utig4-44	utig4-44+
unassigned-0000593	rDNA	39070.0	39071.0					na_unused_utig4-441	utig4-441+
unassigned-0000594								na_unused_utig4-448	utig4-448+
unassigned-0000595	rDNA	66798.0	66799.0					na_unused_utig4-45	utig4-45+
unassigned-0000596	rDNA	47846.0	47847.0					na_unused_utig4-455	utig4-455+
unassigned-0000597	rDNA	10608.0	10609.0					na_unused_utig4-456	utig4-456+
unassigned-0000598								na_unused_utig4-457	utig4-457+
unassigned-0000600	rDNA	60939.0	60940.0					na_unused_utig4-465	utig4-465+
unassigned-0000602	rDNA	17707.0	17708.0					na_unused_utig4-474	utig4-474+
unassigned-0000603	rDNA	23818.0	23819.0					na_unused_utig4-475	utig4-475+
unassigned-0000604								na_unused_utig4-478	utig4-478+
unassigned-0000605	rDNA	33743.0	33744.0					na_unused_utig4-48	utig4-48+
unassigned-0000607	rDNA	22897.0	22898.0					na_unused_utig4-489	utig4-489+
unassigned-0000608	rDNA	53934.0	53935.0					na_unused_utig4-49	utig4-49+
unassigned-0000609	rDNA	32956.0	32957.0					na_unused_utig4-495	utig4-495+
unassigned-0000610	rDNA	38198.0	38199.0					na_unused_utig4-50	utig4-50+
unassigned-0000612	rDNA	35697.0	35698.0					na_unused_utig4-51	utig4-51+
unassigned-0000613	rDNA	27297.0	27298.0					na_unused_utig4-512	utig4-512+
unassigned-0000614	rDNA	75431.0	75432.0					na_unused_utig4-517	utig4-517+
unassigned-0000615	rDNA	35755.0	35756.0					na_unused_utig4-518	utig4-518+
unassigned-0000616	rDNA	68203.0	68204.0					na_unused_utig4-52	utig4-52+
unassigned-0000617	rDNA	33595.0	33596.0					na_unused_utig4-54	utig4-54+
unassigned-0000618								na_unused_utig4-544	utig4-544+
unassigned-0000619								na_unused_utig4-558	utig4-558+
unassigned-0000620	rDNA	36281.0	36282.0					na_unused_utig4-559	utig4-559+
unassigned-0000621	rDNA	17317.0	17318.0					na_unused_utig4-566	utig4-566+
unassigned-0000622	rDNA	42994.0	42995.0					na_unused_utig4-567	utig4-567+
unassigned-0000624	rDNA	25580.0	25581.0					na_unused_utig4-569	utig4-569+
unassigned-0000625								na_unused_utig4-579	utig4-579+
unassigned-0000626	rDNA	15361.0	15362.0					na_unused_utig4-608	utig4-608+
unassigned-0000627								na_unused_utig4-623	utig4-623+
unassigned-0000628								na_unused_utig4-624	utig4-624+
unassigned-0000629								na_unused_utig4-626	utig4-626+
unassigned-0000630	rDNA	38668.0	38669.0					na_unused_utig4-646	utig4-646+
unassigned-0000631	rDNA	20041.0	20042.0					na_unused_utig4-647	utig4-647+
unassigned-0000632	rDNA	31499.0	31500.0					na_unused_utig4-657	utig4-657+
unassigned-0000633								na_unused_utig4-681	utig4-681+
unassigned-0000634	rDNA	36799.0	36800.0					na_unused_utig4-7	utig4-7+
unassigned-0000635								na_unused_utig4-703	utig4-703+
unassigned-0000636								na_unused_utig4-709	utig4-709+
unassigned-0000637								na_unused_utig4-718	utig4-718+
unassigned-0000638								na_unused_utig4-757	utig4-757+
unassigned-0000639								na_unused_utig4-758	utig4-758+
unassigned-0000640								na_unused_utig4-761	utig4-761+
unassigned-0000641								na_unused_utig4-773	utig4-773+
unassigned-0000644	rDNA	55660.0	55661.0					na_unused_utig4-784	utig4-784+
unassigned-0000645	rDNA	46741.0	46742.0					na_unused_utig4-786	utig4-786+
unassigned-0000646	rDNA	40099.0	40100.0					na_unused_utig4-788	utig4-788+
unassigned-0000647	rDNA	43504.0	43505.0					na_unused_utig4-789	utig4-789+
unassigned-0000648	rDNA	43330.0	43331.0					na_unused_utig4-791	utig4-791+
unassigned-0000649								na_unused_utig4-798	utig4-798+
unassigned-0000650								na_unused_utig4-8	utig4-8+
unassigned-0000651								na_unused_utig4-834	utig4-834+
unassigned-0000652								na_unused_utig4-894	utig4-894+
unassigned-0000654								na_unused_utig4-896	utig4-896+
								na_unused_utig4-46	utig4-46+
								sire_compressed.k31.hapmer_unused_utig4-76	utig4-76+
								sire_compressed.k31.hapmer_unused_utig4-79	utig4-79+
								sire_compressed.k31.hapmer_unused_utig4-103	utig4-103+
								na_unused_utig4-170	utig4-170+
								na_unused_utig4-172	utig4-172+
								dam_compressed.k31.hapmer_unused_utig4-209	utig4-209+
								dam_compressed.k31.hapmer_unused_utig4-233	utig4-233+
								sire_compressed.k31.hapmer_unused_utig4-269	utig4-269+
								sire_compressed.k31.hapmer_unused_utig4-293	utig4-293+
								na_unused_utig4-299	utig4-299+
								dam_compressed.k31.hapmer_unused_utig4-305	utig4-305+
								dam_compressed.k31.hapmer_unused_utig4-319	utig4-319+
								dam_compressed.k31.hapmer_unused_utig4-320	utig4-320+
								dam_compressed.k31.hapmer_unused_utig4-321	utig4-321+
								sire_compressed.k31.hapmer_unused_utig4-343	utig4-343+
								sire_compressed.k31.hapmer_unused_utig4-345	utig4-345+
								sire_compressed.k31.hapmer_unused_utig4-346	utig4-346+
								sire_compressed.k31.hapmer_unused_utig4-348	utig4-348+
								sire_compressed.k31.hapmer_unused_utig4-350	utig4-350+
								sire_compressed.k31.hapmer_unused_utig4-380	utig4-380+
								dam_compressed.k31.hapmer_unused_utig4-412	utig4-412+
								na_unused_utig4-414	utig4-414+
								sire_compressed.k31.hapmer_unused_utig4-416	utig4-416+
								dam_compressed.k31.hapmer_unused_utig4-442	utig4-442+
								dam_compressed.k31.hapmer_unused_utig4-445	utig4-445+
								dam_compressed.k31.hapmer_unused_utig4-464	utig4-464+
								na_unused_utig4-468	utig4-468+
								na_unused_utig4-488	utig4-488+
								na_unused_utig4-503	utig4-503+
								dam_compressed.k31.hapmer_unused_utig4-526	utig4-526+
								dam_compressed.k31.hapmer_unused_utig4-562	utig4-562+
								na_unused_utig4-568	utig4-568+
								dam_compressed.k31.hapmer_unused_utig4-580	utig4-580+
								dam_compressed.k31.hapmer_unused_utig4-636	utig4-636+
								dam_compressed.k31.hapmer_unused_utig4-637	utig4-637+
								dam_compressed.k31.hapmer_unused_utig4-639	utig4-639+
								sire_compressed.k31.hapmer_unused_utig4-669	utig4-669+
								na_unused_utig4-774	utig4-774+
								na_unused_utig4-783	utig4-783+
								dam_compressed.k31.hapmer_unused_utig4-803	utig4-803+
								dam_compressed.k31.hapmer_unused_utig4-813	utig4-813+
								na_unused_utig4-895	utig4-895+
								na_unused_utig4-1364	utig4-1364+
								na_unused_utig4-1386	utig4-1386+
								na_unused_utig4-1413	utig4-1413+
								dam_compressed.k31.hapmer_unused_utig4-1430	utig4-1430+
								na_unused_utig4-1467	utig4-1467+
								dam_compressed.k31.hapmer_unused_utig4-1472	utig4-1472+
								dam_compressed.k31.hapmer_unused_utig4-1491	utig4-1491+
								dam_compressed.k31.hapmer_unused_utig4-1500	utig4-1500+
								dam_compressed.k31.hapmer_unused_utig4-1533	utig4-1533+
								dam_compressed.k31.hapmer_unused_utig4-1535	utig4-1535+
								dam_compressed.k31.hapmer_unused_utig4-1550	utig4-1550+
								dam_compressed.k31.hapmer_unused_utig4-1551	utig4-1551+
								dam_compressed.k31.hapmer_unused_utig4-1556	utig4-1556+
								dam_compressed.k31.hapmer_unused_utig4-1570	utig4-1570+
								dam_compressed.k31.hapmer_unused_utig4-1585	utig4-1585+
								na_unused_utig4-1636	utig4-1636+
								sire_compressed.k31.hapmer_unused_utig4-1639	utig4-1639+
								dam_compressed.k31.hapmer_unused_utig4-1807	utig4-1807+
								dam_compressed.k31.hapmer_unused_utig4-1808	utig4-1808+
								dam_compressed.k31.hapmer_unused_utig4-2150	utig4-2150+
								na_unused_utig4-2270	utig4-2270+
								na_unused_utig4-2271	utig4-2271+
								dam_compressed.k31.hapmer_unused_utig4-2306	utig4-2306+
								sire_compressed.k31.hapmer_unused_utig4-2414	utig4-2414+
								sire_compressed.k31.hapmer_unused_utig4-2495	utig4-2495+
								na_unused_utig4-2497	utig4-2497+
								sire_compressed.k31.hapmer_unused_utig4-2526	utig4-2526+
